-- phpMyAdmin SQL Dump
-- version 3.5.8.2
-- http://www.phpmyadmin.net
--
-- 主机: sql306.web.youp.ga
-- 生成日期: 2018 年 07 月 14 日 13:48
-- 服务器版本: 5.6.35-81.0
-- PHP 版本: 5.3.3

SET SQL_MODE="NO_AUTO_VALUE_ON_ZERO";
SET time_zone = "+00:00";


/*!40101 SET @OLD_CHARACTER_SET_CLIENT=@@CHARACTER_SET_CLIENT */;
/*!40101 SET @OLD_CHARACTER_SET_RESULTS=@@CHARACTER_SET_RESULTS */;
/*!40101 SET @OLD_COLLATION_CONNECTION=@@COLLATION_CONNECTION */;
/*!40101 SET NAMES utf8 */;

--
-- 数据库: `yuweb_22356092_gym`
--

-- --------------------------------------------------------

--
-- 表的结构 `card_status`
--

DROP TABLE IF EXISTS `card_status`;
CREATE TABLE IF NOT EXISTS `card_status` (
  `id` varchar(10) COLLATE utf8_unicode_ci NOT NULL COMMENT 'id',
  `card_id` varchar(10) COLLATE utf8_unicode_ci NOT NULL COMMENT '卡片ID',
  `status` int(2) NOT NULL DEFAULT '0' COMMENT '卡片狀態(0=無人；1=有人)',
  `use_date` date NOT NULL COMMENT '使用日期',
  `add_date` date NOT NULL COMMENT '新增日期',
  `add_time` time NOT NULL COMMENT '新增時間',
  `use_time` time NOT NULL COMMENT '使用時間',
  `stop_date` date NOT NULL COMMENT '停用日期',
  `stop_time` time NOT NULL COMMENT '停用時間',
  KEY `card_id` (`card_id`)
) ENGINE=MyISAM DEFAULT CHARSET=utf8 COLLATE=utf8_unicode_ci COMMENT='卡片狀態';

--
-- 转存表中的数据 `card_status`
--

INSERT INTO `card_status` (`id`, `card_id`, `status`, `use_date`, `add_date`, `add_time`, `use_time`, `stop_date`, `stop_time`) VALUES
('', '000001', 1, '2018-07-02', '2018-07-02', '14:56:13', '15:20:24', '0000-00-00', '00:00:00'),
('', '000002', 0, '2018-07-02', '2018-07-13', '22:14:43', '14:36:33', '0000-00-00', '00:00:00'),
('', '000003', 1, '2018-07-02', '2018-07-02', '11:42:02', '15:53:00', '0000-00-00', '00:00:00'),
('', '000004', 1, '2018-07-02', '2018-07-02', '11:42:02', '16:05:43', '0000-00-00', '00:00:00'),
('', '000005', 1, '2018-07-03', '2018-07-03', '14:34:42', '14:39:29', '0000-00-00', '00:00:00'),
('', '000006', 1, '2018-07-02', '2018-07-02', '11:42:02', '16:19:55', '0000-00-00', '00:00:00'),
('', '000007', 1, '2018-07-03', '2018-07-03', '14:29:32', '14:34:06', '0000-00-00', '00:00:00'),
('', '000008', 1, '2018-07-02', '2018-07-02', '11:42:02', '16:44:01', '0000-00-00', '00:00:00'),
('', '000009', 1, '2018-07-02', '2018-07-02', '11:42:02', '16:58:23', '0000-00-00', '00:00:00'),
('', '000010', 1, '2018-07-02', '2018-07-02', '11:42:02', '18:36:18', '0000-00-00', '00:00:00'),
('', '000011', 1, '2018-07-02', '2018-07-02', '11:42:02', '18:41:33', '0000-00-00', '00:00:00'),
('', '000012', 1, '2018-07-02', '2018-07-02', '11:42:02', '18:52:09', '0000-00-00', '00:00:00'),
('', '000013', 1, '2018-07-02', '2018-07-02', '11:42:02', '18:55:34', '0000-00-00', '00:00:00'),
('', '000014', 1, '2018-07-02', '2018-07-02', '11:42:02', '18:58:13', '0000-00-00', '00:00:00'),
('', '000015', 1, '2018-07-02', '2018-07-02', '11:42:02', '19:04:22', '0000-00-00', '00:00:00'),
('', '000016', 1, '2018-07-02', '2018-07-02', '11:42:02', '19:07:34', '0000-00-00', '00:00:00'),
('', '000017', 1, '2018-07-02', '2018-07-02', '11:42:02', '19:15:05', '0000-00-00', '00:00:00'),
('', '000018', 1, '2018-07-02', '2018-07-02', '11:42:02', '21:09:20', '0000-00-00', '00:00:00'),
('', '000019', 1, '2018-07-02', '2018-07-02', '11:42:02', '21:20:49', '0000-00-00', '00:00:00'),
('', '000020', 1, '2018-07-02', '2018-07-02', '11:42:02', '21:28:42', '0000-00-00', '00:00:00'),
('', '000021', 1, '2018-07-02', '2018-07-02', '11:42:02', '21:30:59', '0000-00-00', '00:00:00'),
('', '000022', 1, '2018-07-02', '2018-07-02', '11:42:02', '21:45:49', '0000-00-00', '00:00:00'),
('', '000023', 1, '2018-07-02', '2018-07-02', '11:42:02', '21:49:14', '0000-00-00', '00:00:00'),
('', '000024', 1, '2018-07-02', '2018-07-02', '11:42:02', '21:55:41', '0000-00-00', '00:00:00'),
('', '000025', 1, '2018-07-02', '2018-07-02', '11:42:02', '21:57:34', '0000-00-00', '00:00:00'),
('', '000026', 1, '2018-07-03', '2018-07-02', '11:42:02', '13:04:16', '0000-00-00', '00:00:00'),
('', '000027', 0, '2018-07-03', '2018-07-12', '18:27:47', '13:06:59', '0000-00-00', '00:00:00'),
('', '000028', 1, '2018-07-03', '2018-07-02', '11:42:02', '13:09:44', '0000-00-00', '00:00:00'),
('', '000029', 1, '2018-07-03', '2018-07-02', '11:42:02', '13:11:19', '0000-00-00', '00:00:00'),
('', '000030', 0, '2018-07-03', '2018-07-05', '21:21:55', '13:13:14', '0000-00-00', '00:00:00'),
('', '000031', 1, '2018-07-03', '2018-07-02', '11:42:02', '13:15:08', '0000-00-00', '00:00:00'),
('', '000032', 1, '2018-07-03', '2018-07-02', '11:42:02', '13:18:35', '0000-00-00', '00:00:00'),
('', '000033', 1, '2018-07-03', '2018-07-02', '11:42:02', '13:20:29', '0000-00-00', '00:00:00'),
('', '000034', 1, '2018-07-03', '2018-07-02', '11:42:02', '13:21:45', '0000-00-00', '00:00:00'),
('', '000035', 1, '2018-07-03', '2018-07-02', '11:42:02', '13:26:45', '0000-00-00', '00:00:00'),
('', '000036', 1, '2018-07-03', '2018-07-02', '11:42:02', '13:53:09', '0000-00-00', '00:00:00'),
('', '000037', 1, '2018-07-03', '2018-07-02', '11:42:02', '13:57:20', '0000-00-00', '00:00:00'),
('', '000038', 1, '2018-07-03', '2018-07-02', '11:42:02', '13:59:34', '0000-00-00', '00:00:00'),
('', '000039', 1, '2018-07-03', '2018-07-02', '11:42:02', '14:06:22', '0000-00-00', '00:00:00'),
('', '000040', 1, '2018-07-03', '2018-07-02', '11:42:02', '14:07:42', '0000-00-00', '00:00:00'),
('', '000041', 1, '2018-07-03', '2018-07-02', '11:42:02', '14:09:04', '0000-00-00', '00:00:00'),
('', '000042', 1, '2018-07-03', '2018-07-02', '11:42:03', '14:10:59', '0000-00-00', '00:00:00'),
('', '000043', 1, '2018-07-03', '2018-07-02', '11:42:03', '14:15:11', '0000-00-00', '00:00:00'),
('', '000044', 1, '2018-07-03', '2018-07-02', '11:42:03', '14:17:19', '0000-00-00', '00:00:00'),
('', '000045', 1, '2018-07-03', '2018-07-02', '11:42:03', '14:22:10', '0000-00-00', '00:00:00'),
('', '000046', 1, '2018-07-03', '2018-07-02', '11:42:03', '14:25:17', '0000-00-00', '00:00:00'),
('', '000047', 1, '2018-07-03', '2018-07-02', '11:42:03', '14:28:30', '0000-00-00', '00:00:00'),
('', '000048', 1, '2018-07-03', '2018-07-02', '11:42:03', '18:49:01', '0000-00-00', '00:00:00'),
('', '000049', 1, '2018-07-04', '2018-07-02', '11:42:03', '11:34:16', '0000-00-00', '00:00:00'),
('', '000050', 1, '2018-07-05', '2018-07-05', '00:19:46', '19:05:05', '0000-00-00', '00:00:00'),
('', '000051', 1, '2018-07-05', '2018-07-02', '11:59:02', '19:06:31', '0000-00-00', '00:00:00'),
('', '000052', 1, '2018-07-05', '2018-07-02', '11:42:03', '19:08:07', '0000-00-00', '00:00:00'),
('', '000053', 1, '2018-07-09', '2018-07-02', '11:42:03', '11:52:45', '0000-00-00', '00:00:00'),
('', '000054', 1, '2018-07-09', '2018-07-02', '11:42:03', '19:48:25', '0000-00-00', '00:00:00'),
('', '000055', 1, '2018-07-11', '2018-07-02', '11:42:03', '11:29:31', '0000-00-00', '00:00:00'),
('', '000056', 1, '2018-07-11', '2018-07-02', '11:42:03', '20:19:33', '0000-00-00', '00:00:00'),
('', '000057', 1, '2018-07-13', '2018-07-02', '11:42:03', '22:03:27', '0000-00-00', '00:00:00'),
('', '000058', 1, '2018-07-13', '2018-07-02', '11:42:03', '22:07:57', '0000-00-00', '00:00:00'),
('', '000059', 0, '0000-00-00', '2018-07-02', '11:42:03', '00:00:00', '0000-00-00', '00:00:00'),
('', '000060', 0, '0000-00-00', '2018-07-02', '11:42:03', '00:00:00', '0000-00-00', '00:00:00'),
('', '000061', 0, '0000-00-00', '2018-07-02', '11:42:03', '00:00:00', '0000-00-00', '00:00:00'),
('', '000062', 0, '0000-00-00', '2018-07-02', '11:42:03', '00:00:00', '0000-00-00', '00:00:00'),
('', '000063', 0, '0000-00-00', '2018-07-02', '11:42:03', '00:00:00', '0000-00-00', '00:00:00'),
('', '000064', 0, '0000-00-00', '2018-07-02', '11:42:03', '00:00:00', '0000-00-00', '00:00:00'),
('', '000065', 0, '0000-00-00', '2018-07-02', '11:42:03', '00:00:00', '0000-00-00', '00:00:00'),
('', '000066', 0, '0000-00-00', '2018-07-02', '11:42:03', '00:00:00', '0000-00-00', '00:00:00'),
('', '000067', 0, '0000-00-00', '2018-07-02', '11:42:03', '00:00:00', '0000-00-00', '00:00:00'),
('', '000068', 0, '0000-00-00', '2018-07-02', '11:42:03', '00:00:00', '0000-00-00', '00:00:00'),
('', '000069', 0, '0000-00-00', '2018-07-02', '11:42:03', '00:00:00', '0000-00-00', '00:00:00'),
('', '000070', 0, '0000-00-00', '2018-07-02', '11:42:03', '00:00:00', '0000-00-00', '00:00:00'),
('', '000071', 0, '0000-00-00', '2018-07-02', '11:42:03', '00:00:00', '0000-00-00', '00:00:00'),
('', '000072', 0, '0000-00-00', '2018-07-02', '11:42:03', '00:00:00', '0000-00-00', '00:00:00'),
('', '000073', 0, '0000-00-00', '2018-07-02', '11:42:03', '00:00:00', '0000-00-00', '00:00:00'),
('', '000074', 0, '0000-00-00', '2018-07-02', '11:42:03', '00:00:00', '0000-00-00', '00:00:00'),
('', '000075', 0, '0000-00-00', '2018-07-02', '11:42:03', '00:00:00', '0000-00-00', '00:00:00'),
('', '000076', 0, '0000-00-00', '2018-07-02', '11:42:03', '00:00:00', '0000-00-00', '00:00:00'),
('', '000077', 0, '0000-00-00', '2018-07-02', '11:42:03', '00:00:00', '0000-00-00', '00:00:00'),
('', '000078', 0, '0000-00-00', '2018-07-02', '11:42:03', '00:00:00', '0000-00-00', '00:00:00'),
('', '000079', 0, '0000-00-00', '2018-07-02', '11:42:03', '00:00:00', '0000-00-00', '00:00:00'),
('', '000080', 0, '0000-00-00', '2018-07-02', '11:42:04', '00:00:00', '0000-00-00', '00:00:00'),
('', '000081', 0, '0000-00-00', '2018-07-02', '11:42:04', '00:00:00', '0000-00-00', '00:00:00'),
('', '000082', 0, '0000-00-00', '2018-07-02', '11:42:04', '00:00:00', '0000-00-00', '00:00:00'),
('', '000083', 0, '0000-00-00', '2018-07-02', '11:42:04', '00:00:00', '0000-00-00', '00:00:00'),
('', '000084', 0, '0000-00-00', '2018-07-02', '11:42:04', '00:00:00', '0000-00-00', '00:00:00'),
('', '000085', 0, '0000-00-00', '2018-07-02', '11:42:04', '00:00:00', '0000-00-00', '00:00:00'),
('', '000086', 0, '0000-00-00', '2018-07-02', '11:42:04', '00:00:00', '0000-00-00', '00:00:00'),
('', '000087', 0, '0000-00-00', '2018-07-02', '11:42:04', '00:00:00', '0000-00-00', '00:00:00'),
('', '000088', 0, '0000-00-00', '2018-07-02', '11:42:04', '00:00:00', '0000-00-00', '00:00:00'),
('', '000089', 0, '0000-00-00', '2018-07-02', '11:42:04', '00:00:00', '0000-00-00', '00:00:00'),
('', '000090', 0, '0000-00-00', '2018-07-02', '11:42:04', '00:00:00', '0000-00-00', '00:00:00'),
('', '000091', 0, '0000-00-00', '2018-07-02', '11:42:04', '00:00:00', '0000-00-00', '00:00:00'),
('', '000092', 0, '0000-00-00', '2018-07-02', '11:42:04', '00:00:00', '0000-00-00', '00:00:00'),
('', '000093', 0, '0000-00-00', '2018-07-02', '11:42:04', '00:00:00', '0000-00-00', '00:00:00'),
('', '000094', 0, '0000-00-00', '2018-07-02', '11:42:04', '00:00:00', '0000-00-00', '00:00:00'),
('', '000095', 0, '0000-00-00', '2018-07-02', '11:42:04', '00:00:00', '0000-00-00', '00:00:00'),
('', '000096', 0, '0000-00-00', '2018-07-02', '11:42:04', '00:00:00', '0000-00-00', '00:00:00'),
('', '000097', 0, '0000-00-00', '2018-07-02', '11:42:04', '00:00:00', '0000-00-00', '00:00:00'),
('', '000098', 0, '0000-00-00', '2018-07-02', '11:42:04', '00:00:00', '0000-00-00', '00:00:00'),
('', '000099', 0, '0000-00-00', '2018-07-02', '11:42:04', '00:00:00', '0000-00-00', '00:00:00'),
('', '000100', 0, '0000-00-00', '2018-07-02', '11:42:04', '00:00:00', '0000-00-00', '00:00:00'),
('', '000101', 0, '0000-00-00', '2018-07-02', '11:42:04', '00:00:00', '0000-00-00', '00:00:00'),
('', '000102', 0, '0000-00-00', '2018-07-02', '11:42:04', '00:00:00', '0000-00-00', '00:00:00'),
('', '000103', 0, '0000-00-00', '2018-07-02', '11:42:04', '00:00:00', '0000-00-00', '00:00:00'),
('', '000104', 0, '0000-00-00', '2018-07-02', '11:42:04', '00:00:00', '0000-00-00', '00:00:00'),
('', '000105', 0, '0000-00-00', '2018-07-02', '11:42:04', '00:00:00', '0000-00-00', '00:00:00'),
('', '000106', 0, '0000-00-00', '2018-07-02', '11:42:04', '00:00:00', '0000-00-00', '00:00:00'),
('', '000107', 0, '0000-00-00', '2018-07-02', '11:42:04', '00:00:00', '0000-00-00', '00:00:00'),
('', '000108', 0, '0000-00-00', '2018-07-02', '11:42:04', '00:00:00', '0000-00-00', '00:00:00'),
('', '000109', 0, '0000-00-00', '2018-07-02', '11:42:04', '00:00:00', '0000-00-00', '00:00:00'),
('', '000110', 0, '0000-00-00', '2018-07-02', '11:42:04', '00:00:00', '0000-00-00', '00:00:00'),
('', '000111', 0, '0000-00-00', '2018-07-02', '11:42:04', '00:00:00', '0000-00-00', '00:00:00'),
('', '000112', 0, '0000-00-00', '2018-07-02', '11:42:04', '00:00:00', '0000-00-00', '00:00:00'),
('', '000113', 0, '0000-00-00', '2018-07-02', '11:42:04', '00:00:00', '0000-00-00', '00:00:00'),
('', '000114', 0, '0000-00-00', '2018-07-02', '11:42:04', '00:00:00', '0000-00-00', '00:00:00'),
('', '000115', 0, '0000-00-00', '2018-07-02', '11:42:04', '00:00:00', '0000-00-00', '00:00:00'),
('', '000116', 0, '0000-00-00', '2018-07-02', '11:42:04', '00:00:00', '0000-00-00', '00:00:00'),
('', '000117', 0, '0000-00-00', '2018-07-02', '11:42:04', '00:00:00', '0000-00-00', '00:00:00'),
('', '000118', 0, '0000-00-00', '2018-07-02', '11:42:04', '00:00:00', '0000-00-00', '00:00:00'),
('', '000119', 0, '0000-00-00', '2018-07-02', '11:42:04', '00:00:00', '0000-00-00', '00:00:00'),
('', '000120', 0, '0000-00-00', '2018-07-02', '11:42:04', '00:00:00', '0000-00-00', '00:00:00'),
('', '000121', 0, '0000-00-00', '2018-07-02', '11:42:04', '00:00:00', '0000-00-00', '00:00:00'),
('', '000122', 0, '0000-00-00', '2018-07-02', '11:42:04', '00:00:00', '0000-00-00', '00:00:00'),
('', '000123', 0, '0000-00-00', '2018-07-02', '11:42:04', '00:00:00', '0000-00-00', '00:00:00'),
('', '000124', 0, '0000-00-00', '2018-07-02', '11:42:04', '00:00:00', '0000-00-00', '00:00:00'),
('', '000125', 0, '0000-00-00', '2018-07-02', '11:42:04', '00:00:00', '0000-00-00', '00:00:00'),
('', '000126', 0, '0000-00-00', '2018-07-02', '11:42:04', '00:00:00', '0000-00-00', '00:00:00'),
('', '000127', 0, '0000-00-00', '2018-07-02', '11:42:04', '00:00:00', '0000-00-00', '00:00:00'),
('', '000128', 0, '0000-00-00', '2018-07-02', '11:42:04', '00:00:00', '0000-00-00', '00:00:00'),
('', '000129', 0, '0000-00-00', '2018-07-02', '11:42:04', '00:00:00', '0000-00-00', '00:00:00'),
('', '000130', 0, '0000-00-00', '2018-07-02', '11:42:04', '00:00:00', '0000-00-00', '00:00:00'),
('', '000131', 0, '0000-00-00', '2018-07-02', '11:42:05', '00:00:00', '0000-00-00', '00:00:00'),
('', '000132', 0, '0000-00-00', '2018-07-02', '11:42:05', '00:00:00', '0000-00-00', '00:00:00'),
('', '000133', 0, '0000-00-00', '2018-07-02', '11:42:05', '00:00:00', '0000-00-00', '00:00:00'),
('', '000134', 0, '0000-00-00', '2018-07-02', '11:42:05', '00:00:00', '0000-00-00', '00:00:00'),
('', '000135', 0, '0000-00-00', '2018-07-02', '11:42:05', '00:00:00', '0000-00-00', '00:00:00'),
('', '000136', 0, '0000-00-00', '2018-07-02', '11:42:05', '00:00:00', '0000-00-00', '00:00:00'),
('', '000137', 0, '0000-00-00', '2018-07-02', '11:42:05', '00:00:00', '0000-00-00', '00:00:00'),
('', '000138', 0, '0000-00-00', '2018-07-02', '11:42:05', '00:00:00', '0000-00-00', '00:00:00'),
('', '000139', 0, '0000-00-00', '2018-07-02', '11:42:05', '00:00:00', '0000-00-00', '00:00:00'),
('', '000140', 0, '0000-00-00', '2018-07-02', '11:42:05', '00:00:00', '0000-00-00', '00:00:00'),
('', '000141', 0, '0000-00-00', '2018-07-02', '11:42:05', '00:00:00', '0000-00-00', '00:00:00'),
('', '000142', 0, '0000-00-00', '2018-07-02', '11:42:05', '00:00:00', '0000-00-00', '00:00:00'),
('', '000143', 0, '0000-00-00', '2018-07-02', '11:42:05', '00:00:00', '0000-00-00', '00:00:00'),
('', '000144', 0, '0000-00-00', '2018-07-02', '11:42:05', '00:00:00', '0000-00-00', '00:00:00'),
('', '000145', 0, '0000-00-00', '2018-07-02', '11:42:05', '00:00:00', '0000-00-00', '00:00:00'),
('', '000146', 0, '0000-00-00', '2018-07-02', '11:42:05', '00:00:00', '0000-00-00', '00:00:00'),
('', '000147', 0, '0000-00-00', '2018-07-02', '11:42:05', '00:00:00', '0000-00-00', '00:00:00'),
('', '000148', 0, '0000-00-00', '2018-07-02', '11:42:05', '00:00:00', '0000-00-00', '00:00:00'),
('', '000149', 0, '0000-00-00', '2018-07-02', '11:42:05', '00:00:00', '0000-00-00', '00:00:00'),
('', '000150', 0, '0000-00-00', '2018-07-02', '11:42:05', '00:00:00', '0000-00-00', '00:00:00'),
('', '000151', 0, '0000-00-00', '2018-07-02', '11:42:05', '00:00:00', '0000-00-00', '00:00:00'),
('', '000152', 0, '0000-00-00', '2018-07-02', '11:42:05', '00:00:00', '0000-00-00', '00:00:00'),
('', '000153', 0, '0000-00-00', '2018-07-02', '11:42:05', '00:00:00', '0000-00-00', '00:00:00'),
('', '000154', 0, '0000-00-00', '2018-07-02', '11:42:05', '00:00:00', '0000-00-00', '00:00:00'),
('', '000155', 0, '0000-00-00', '2018-07-02', '11:42:05', '00:00:00', '0000-00-00', '00:00:00'),
('', '000156', 0, '0000-00-00', '2018-07-02', '11:42:05', '00:00:00', '0000-00-00', '00:00:00'),
('', '000157', 0, '0000-00-00', '2018-07-02', '11:42:05', '00:00:00', '0000-00-00', '00:00:00'),
('', '000158', 0, '0000-00-00', '2018-07-02', '11:42:05', '00:00:00', '0000-00-00', '00:00:00'),
('', '000159', 0, '0000-00-00', '2018-07-02', '11:42:05', '00:00:00', '0000-00-00', '00:00:00'),
('', '000160', 0, '0000-00-00', '2018-07-02', '11:42:05', '00:00:00', '0000-00-00', '00:00:00'),
('', '000161', 0, '0000-00-00', '2018-07-02', '11:42:05', '00:00:00', '0000-00-00', '00:00:00'),
('', '000162', 0, '0000-00-00', '2018-07-02', '11:42:05', '00:00:00', '0000-00-00', '00:00:00'),
('', '000163', 0, '0000-00-00', '2018-07-02', '11:42:05', '00:00:00', '0000-00-00', '00:00:00'),
('', '000164', 0, '0000-00-00', '2018-07-02', '11:42:05', '00:00:00', '0000-00-00', '00:00:00'),
('', '000165', 0, '0000-00-00', '2018-07-02', '11:42:05', '00:00:00', '0000-00-00', '00:00:00'),
('', '000166', 0, '0000-00-00', '2018-07-02', '11:42:05', '00:00:00', '0000-00-00', '00:00:00'),
('', '000167', 0, '0000-00-00', '2018-07-02', '11:42:05', '00:00:00', '0000-00-00', '00:00:00'),
('', '000168', 0, '0000-00-00', '2018-07-02', '11:42:05', '00:00:00', '0000-00-00', '00:00:00'),
('', '000169', 0, '0000-00-00', '2018-07-02', '11:42:05', '00:00:00', '0000-00-00', '00:00:00'),
('', '000170', 0, '0000-00-00', '2018-07-02', '11:42:05', '00:00:00', '0000-00-00', '00:00:00'),
('', '000171', 0, '0000-00-00', '2018-07-02', '11:42:05', '00:00:00', '0000-00-00', '00:00:00'),
('', '000172', 0, '0000-00-00', '2018-07-02', '11:42:05', '00:00:00', '0000-00-00', '00:00:00'),
('', '000173', 0, '0000-00-00', '2018-07-02', '11:42:05', '00:00:00', '0000-00-00', '00:00:00'),
('', '000174', 0, '0000-00-00', '2018-07-02', '11:42:05', '00:00:00', '0000-00-00', '00:00:00'),
('', '000175', 0, '0000-00-00', '2018-07-02', '11:42:05', '00:00:00', '0000-00-00', '00:00:00'),
('', '000176', 0, '0000-00-00', '2018-07-02', '11:42:05', '00:00:00', '0000-00-00', '00:00:00'),
('', '000177', 0, '0000-00-00', '2018-07-02', '11:42:05', '00:00:00', '0000-00-00', '00:00:00'),
('', '000178', 0, '0000-00-00', '2018-07-02', '11:42:05', '00:00:00', '0000-00-00', '00:00:00'),
('', '000179', 0, '0000-00-00', '2018-07-02', '11:42:05', '00:00:00', '0000-00-00', '00:00:00'),
('', '000180', 0, '0000-00-00', '2018-07-02', '11:42:05', '00:00:00', '0000-00-00', '00:00:00'),
('', '000181', 0, '0000-00-00', '2018-07-02', '11:42:05', '00:00:00', '0000-00-00', '00:00:00'),
('', '000182', 0, '0000-00-00', '2018-07-02', '11:42:05', '00:00:00', '0000-00-00', '00:00:00'),
('', '000183', 0, '0000-00-00', '2018-07-02', '11:42:05', '00:00:00', '0000-00-00', '00:00:00'),
('', '000184', 0, '0000-00-00', '2018-07-02', '11:42:05', '00:00:00', '0000-00-00', '00:00:00'),
('', '000185', 0, '0000-00-00', '2018-07-02', '11:42:05', '00:00:00', '0000-00-00', '00:00:00'),
('', '000186', 0, '0000-00-00', '2018-07-02', '11:42:05', '00:00:00', '0000-00-00', '00:00:00'),
('', '000187', 0, '0000-00-00', '2018-07-02', '11:42:05', '00:00:00', '0000-00-00', '00:00:00'),
('', '000188', 0, '0000-00-00', '2018-07-02', '11:42:05', '00:00:00', '0000-00-00', '00:00:00'),
('', '000189', 0, '0000-00-00', '2018-07-02', '11:42:05', '00:00:00', '0000-00-00', '00:00:00'),
('', '000190', 0, '0000-00-00', '2018-07-02', '11:42:05', '00:00:00', '0000-00-00', '00:00:00'),
('', '000191', 0, '0000-00-00', '2018-07-02', '11:42:05', '00:00:00', '0000-00-00', '00:00:00'),
('', '000192', 0, '0000-00-00', '2018-07-02', '11:42:05', '00:00:00', '0000-00-00', '00:00:00'),
('', '000193', 0, '0000-00-00', '2018-07-02', '11:42:05', '00:00:00', '0000-00-00', '00:00:00'),
('', '000194', 0, '0000-00-00', '2018-07-02', '11:42:05', '00:00:00', '0000-00-00', '00:00:00'),
('', '000195', 0, '0000-00-00', '2018-07-02', '11:42:05', '00:00:00', '0000-00-00', '00:00:00'),
('', '000196', 0, '0000-00-00', '2018-07-02', '11:42:05', '00:00:00', '0000-00-00', '00:00:00'),
('', '000197', 0, '0000-00-00', '2018-07-02', '11:42:05', '00:00:00', '0000-00-00', '00:00:00'),
('', '000198', 0, '0000-00-00', '2018-07-02', '11:42:05', '00:00:00', '0000-00-00', '00:00:00'),
('', '000199', 0, '0000-00-00', '2018-07-02', '11:42:05', '00:00:00', '0000-00-00', '00:00:00'),
('', '000200', 0, '0000-00-00', '2018-07-02', '11:42:05', '00:00:00', '0000-00-00', '00:00:00'),
('', '000201', 0, '0000-00-00', '2018-07-02', '11:42:05', '00:00:00', '0000-00-00', '00:00:00'),
('', '000202', 0, '0000-00-00', '2018-07-02', '11:42:05', '00:00:00', '0000-00-00', '00:00:00'),
('', '000203', 0, '0000-00-00', '2018-07-02', '11:42:05', '00:00:00', '0000-00-00', '00:00:00'),
('', '000204', 0, '0000-00-00', '2018-07-02', '11:42:05', '00:00:00', '0000-00-00', '00:00:00'),
('', '000205', 0, '0000-00-00', '2018-07-02', '11:42:05', '00:00:00', '0000-00-00', '00:00:00'),
('', '000206', 0, '0000-00-00', '2018-07-02', '11:42:05', '00:00:00', '0000-00-00', '00:00:00'),
('', '000207', 0, '0000-00-00', '2018-07-02', '11:42:05', '00:00:00', '0000-00-00', '00:00:00'),
('', '000208', 0, '0000-00-00', '2018-07-02', '11:42:05', '00:00:00', '0000-00-00', '00:00:00'),
('', '000209', 0, '0000-00-00', '2018-07-02', '11:42:05', '00:00:00', '0000-00-00', '00:00:00'),
('', '000210', 0, '0000-00-00', '2018-07-02', '11:42:05', '00:00:00', '0000-00-00', '00:00:00'),
('', '000211', 0, '0000-00-00', '2018-07-02', '11:42:05', '00:00:00', '0000-00-00', '00:00:00'),
('', '000212', 0, '0000-00-00', '2018-07-02', '11:42:05', '00:00:00', '0000-00-00', '00:00:00'),
('', '000213', 0, '0000-00-00', '2018-07-02', '11:42:05', '00:00:00', '0000-00-00', '00:00:00'),
('', '000214', 0, '0000-00-00', '2018-07-02', '11:42:05', '00:00:00', '0000-00-00', '00:00:00'),
('', '000215', 0, '0000-00-00', '2018-07-02', '11:42:05', '00:00:00', '0000-00-00', '00:00:00'),
('', '000216', 0, '0000-00-00', '2018-07-02', '11:42:05', '00:00:00', '0000-00-00', '00:00:00'),
('', '000217', 0, '0000-00-00', '2018-07-02', '11:42:05', '00:00:00', '0000-00-00', '00:00:00'),
('', '000218', 0, '0000-00-00', '2018-07-02', '11:42:05', '00:00:00', '0000-00-00', '00:00:00'),
('', '000219', 0, '0000-00-00', '2018-07-02', '11:42:05', '00:00:00', '0000-00-00', '00:00:00'),
('', '000220', 0, '0000-00-00', '2018-07-02', '11:42:05', '00:00:00', '0000-00-00', '00:00:00'),
('', '000221', 0, '0000-00-00', '2018-07-02', '11:42:05', '00:00:00', '0000-00-00', '00:00:00'),
('', '000222', 0, '0000-00-00', '2018-07-02', '11:42:05', '00:00:00', '0000-00-00', '00:00:00'),
('', '000223', 0, '0000-00-00', '2018-07-02', '11:42:05', '00:00:00', '0000-00-00', '00:00:00'),
('', '000224', 0, '0000-00-00', '2018-07-02', '11:42:05', '00:00:00', '0000-00-00', '00:00:00'),
('', '000225', 0, '0000-00-00', '2018-07-02', '11:42:06', '00:00:00', '0000-00-00', '00:00:00'),
('', '000226', 0, '0000-00-00', '2018-07-02', '11:42:06', '00:00:00', '0000-00-00', '00:00:00'),
('', '000227', 0, '0000-00-00', '2018-07-02', '11:42:06', '00:00:00', '0000-00-00', '00:00:00'),
('', '000228', 0, '0000-00-00', '2018-07-02', '11:42:06', '00:00:00', '0000-00-00', '00:00:00'),
('', '000229', 0, '0000-00-00', '2018-07-02', '11:42:06', '00:00:00', '0000-00-00', '00:00:00'),
('', '000230', 0, '0000-00-00', '2018-07-02', '11:42:06', '00:00:00', '0000-00-00', '00:00:00'),
('', '000231', 0, '0000-00-00', '2018-07-02', '11:42:06', '00:00:00', '0000-00-00', '00:00:00'),
('', '000232', 0, '0000-00-00', '2018-07-02', '11:42:06', '00:00:00', '0000-00-00', '00:00:00'),
('', '000233', 0, '0000-00-00', '2018-07-02', '11:42:06', '00:00:00', '0000-00-00', '00:00:00'),
('', '000234', 0, '0000-00-00', '2018-07-02', '11:42:06', '00:00:00', '0000-00-00', '00:00:00'),
('', '000235', 0, '0000-00-00', '2018-07-02', '11:42:06', '00:00:00', '0000-00-00', '00:00:00'),
('', '000236', 0, '0000-00-00', '2018-07-02', '11:42:06', '00:00:00', '0000-00-00', '00:00:00'),
('', '000237', 0, '0000-00-00', '2018-07-02', '11:42:06', '00:00:00', '0000-00-00', '00:00:00'),
('', '000238', 0, '0000-00-00', '2018-07-02', '11:42:06', '00:00:00', '0000-00-00', '00:00:00'),
('', '000239', 0, '0000-00-00', '2018-07-02', '11:42:06', '00:00:00', '0000-00-00', '00:00:00'),
('', '000240', 0, '0000-00-00', '2018-07-02', '11:42:06', '00:00:00', '0000-00-00', '00:00:00'),
('', '000241', 0, '0000-00-00', '2018-07-02', '11:42:06', '00:00:00', '0000-00-00', '00:00:00'),
('', '000242', 0, '0000-00-00', '2018-07-02', '11:42:06', '00:00:00', '0000-00-00', '00:00:00'),
('', '000243', 0, '0000-00-00', '2018-07-02', '11:42:06', '00:00:00', '0000-00-00', '00:00:00'),
('', '000244', 0, '0000-00-00', '2018-07-02', '11:42:06', '00:00:00', '0000-00-00', '00:00:00'),
('', '000245', 0, '0000-00-00', '2018-07-02', '11:42:06', '00:00:00', '0000-00-00', '00:00:00'),
('', '000246', 0, '0000-00-00', '2018-07-02', '11:42:06', '00:00:00', '0000-00-00', '00:00:00'),
('', '000247', 0, '0000-00-00', '2018-07-02', '11:42:06', '00:00:00', '0000-00-00', '00:00:00'),
('', '000248', 0, '0000-00-00', '2018-07-02', '11:42:06', '00:00:00', '0000-00-00', '00:00:00'),
('', '000249', 0, '0000-00-00', '2018-07-02', '11:42:06', '00:00:00', '0000-00-00', '00:00:00'),
('', '000250', 0, '0000-00-00', '2018-07-02', '11:42:06', '00:00:00', '0000-00-00', '00:00:00'),
('', '000251', 0, '0000-00-00', '2018-07-02', '11:42:06', '00:00:00', '0000-00-00', '00:00:00'),
('', '000252', 0, '0000-00-00', '2018-07-02', '11:42:06', '00:00:00', '0000-00-00', '00:00:00'),
('', '000253', 0, '0000-00-00', '2018-07-02', '11:42:06', '00:00:00', '0000-00-00', '00:00:00'),
('', '000254', 0, '0000-00-00', '2018-07-02', '11:42:06', '00:00:00', '0000-00-00', '00:00:00'),
('', '000255', 0, '0000-00-00', '2018-07-02', '11:42:06', '00:00:00', '0000-00-00', '00:00:00'),
('', '000256', 0, '0000-00-00', '2018-07-02', '11:42:06', '00:00:00', '0000-00-00', '00:00:00'),
('', '000257', 0, '0000-00-00', '2018-07-02', '11:42:06', '00:00:00', '0000-00-00', '00:00:00'),
('', '000258', 0, '0000-00-00', '2018-07-02', '11:42:06', '00:00:00', '0000-00-00', '00:00:00'),
('', '000259', 0, '0000-00-00', '2018-07-02', '11:42:06', '00:00:00', '0000-00-00', '00:00:00'),
('', '000260', 0, '0000-00-00', '2018-07-02', '11:42:06', '00:00:00', '0000-00-00', '00:00:00'),
('', '000261', 0, '0000-00-00', '2018-07-02', '11:42:06', '00:00:00', '0000-00-00', '00:00:00'),
('', '000262', 0, '0000-00-00', '2018-07-02', '11:42:06', '00:00:00', '0000-00-00', '00:00:00'),
('', '000263', 0, '0000-00-00', '2018-07-02', '11:42:06', '00:00:00', '0000-00-00', '00:00:00'),
('', '000264', 0, '0000-00-00', '2018-07-02', '11:42:06', '00:00:00', '0000-00-00', '00:00:00'),
('', '000265', 0, '0000-00-00', '2018-07-02', '11:42:06', '00:00:00', '0000-00-00', '00:00:00'),
('', '000266', 0, '0000-00-00', '2018-07-02', '11:42:06', '00:00:00', '0000-00-00', '00:00:00'),
('', '000267', 0, '0000-00-00', '2018-07-02', '11:42:06', '00:00:00', '0000-00-00', '00:00:00'),
('', '000268', 0, '0000-00-00', '2018-07-02', '11:42:06', '00:00:00', '0000-00-00', '00:00:00'),
('', '000269', 0, '0000-00-00', '2018-07-02', '11:42:06', '00:00:00', '0000-00-00', '00:00:00'),
('', '000270', 0, '0000-00-00', '2018-07-02', '11:42:06', '00:00:00', '0000-00-00', '00:00:00'),
('', '000271', 0, '0000-00-00', '2018-07-02', '11:42:06', '00:00:00', '0000-00-00', '00:00:00'),
('', '000272', 0, '0000-00-00', '2018-07-02', '11:42:06', '00:00:00', '0000-00-00', '00:00:00'),
('', '000273', 0, '0000-00-00', '2018-07-02', '11:42:06', '00:00:00', '0000-00-00', '00:00:00'),
('', '000274', 0, '0000-00-00', '2018-07-02', '11:42:06', '00:00:00', '0000-00-00', '00:00:00'),
('', '000275', 0, '0000-00-00', '2018-07-02', '11:42:07', '00:00:00', '0000-00-00', '00:00:00'),
('', '000276', 0, '0000-00-00', '2018-07-02', '11:42:07', '00:00:00', '0000-00-00', '00:00:00'),
('', '000277', 0, '0000-00-00', '2018-07-02', '11:42:07', '00:00:00', '0000-00-00', '00:00:00'),
('', '000278', 0, '0000-00-00', '2018-07-02', '11:42:07', '00:00:00', '0000-00-00', '00:00:00'),
('', '000279', 0, '0000-00-00', '2018-07-02', '11:42:07', '00:00:00', '0000-00-00', '00:00:00'),
('', '000280', 0, '0000-00-00', '2018-07-02', '11:42:07', '00:00:00', '0000-00-00', '00:00:00'),
('', '000281', 0, '0000-00-00', '2018-07-02', '11:42:07', '00:00:00', '0000-00-00', '00:00:00'),
('', '000282', 0, '0000-00-00', '2018-07-02', '11:42:07', '00:00:00', '0000-00-00', '00:00:00'),
('', '000283', 0, '0000-00-00', '2018-07-02', '11:42:07', '00:00:00', '0000-00-00', '00:00:00'),
('', '000284', 0, '0000-00-00', '2018-07-02', '11:42:07', '00:00:00', '0000-00-00', '00:00:00'),
('', '000285', 0, '0000-00-00', '2018-07-02', '11:42:07', '00:00:00', '0000-00-00', '00:00:00'),
('', '000286', 0, '0000-00-00', '2018-07-02', '11:42:07', '00:00:00', '0000-00-00', '00:00:00'),
('', '000287', 0, '0000-00-00', '2018-07-02', '11:42:07', '00:00:00', '0000-00-00', '00:00:00'),
('', '000288', 0, '0000-00-00', '2018-07-02', '11:42:07', '00:00:00', '0000-00-00', '00:00:00'),
('', '000289', 0, '0000-00-00', '2018-07-02', '11:42:07', '00:00:00', '0000-00-00', '00:00:00'),
('', '000290', 0, '0000-00-00', '2018-07-02', '11:42:07', '00:00:00', '0000-00-00', '00:00:00'),
('', '000291', 0, '0000-00-00', '2018-07-02', '11:42:07', '00:00:00', '0000-00-00', '00:00:00'),
('', '000292', 0, '0000-00-00', '2018-07-02', '11:42:07', '00:00:00', '0000-00-00', '00:00:00'),
('', '000293', 0, '0000-00-00', '2018-07-02', '11:42:07', '00:00:00', '0000-00-00', '00:00:00'),
('', '000294', 0, '0000-00-00', '2018-07-02', '11:42:07', '00:00:00', '0000-00-00', '00:00:00'),
('', '000295', 0, '0000-00-00', '2018-07-02', '11:42:07', '00:00:00', '0000-00-00', '00:00:00'),
('', '000296', 0, '0000-00-00', '2018-07-02', '11:42:07', '00:00:00', '0000-00-00', '00:00:00'),
('', '000297', 0, '0000-00-00', '2018-07-02', '11:42:07', '00:00:00', '0000-00-00', '00:00:00'),
('', '000298', 0, '0000-00-00', '2018-07-02', '11:42:07', '00:00:00', '0000-00-00', '00:00:00'),
('', '000299', 0, '0000-00-00', '2018-07-02', '11:42:07', '00:00:00', '0000-00-00', '00:00:00'),
('', '000300', 0, '0000-00-00', '2018-07-02', '11:42:07', '00:00:00', '0000-00-00', '00:00:00'),
('', '000301', 0, '0000-00-00', '2018-07-02', '11:42:07', '00:00:00', '0000-00-00', '00:00:00'),
('', '000302', 0, '0000-00-00', '2018-07-02', '11:42:07', '00:00:00', '0000-00-00', '00:00:00'),
('', '000303', 0, '0000-00-00', '2018-07-02', '11:42:07', '00:00:00', '0000-00-00', '00:00:00'),
('', '000304', 0, '0000-00-00', '2018-07-02', '11:42:07', '00:00:00', '0000-00-00', '00:00:00'),
('', '000305', 0, '0000-00-00', '2018-07-02', '11:42:07', '00:00:00', '0000-00-00', '00:00:00'),
('', '000306', 0, '0000-00-00', '2018-07-02', '11:42:07', '00:00:00', '0000-00-00', '00:00:00'),
('', '000307', 0, '0000-00-00', '2018-07-02', '11:42:07', '00:00:00', '0000-00-00', '00:00:00'),
('', '000308', 0, '0000-00-00', '2018-07-02', '11:42:07', '00:00:00', '0000-00-00', '00:00:00'),
('', '000309', 0, '0000-00-00', '2018-07-02', '11:42:07', '00:00:00', '0000-00-00', '00:00:00'),
('', '000310', 0, '0000-00-00', '2018-07-02', '11:42:07', '00:00:00', '0000-00-00', '00:00:00'),
('', '000311', 0, '0000-00-00', '2018-07-02', '11:42:07', '00:00:00', '0000-00-00', '00:00:00'),
('', '000312', 0, '0000-00-00', '2018-07-02', '11:42:07', '00:00:00', '0000-00-00', '00:00:00'),
('', '000313', 0, '0000-00-00', '2018-07-02', '11:42:07', '00:00:00', '0000-00-00', '00:00:00'),
('', '000314', 0, '0000-00-00', '2018-07-02', '11:42:07', '00:00:00', '0000-00-00', '00:00:00'),
('', '000315', 0, '0000-00-00', '2018-07-02', '11:42:07', '00:00:00', '0000-00-00', '00:00:00'),
('', '000316', 0, '0000-00-00', '2018-07-02', '11:42:07', '00:00:00', '0000-00-00', '00:00:00'),
('', '000317', 0, '0000-00-00', '2018-07-02', '11:42:07', '00:00:00', '0000-00-00', '00:00:00'),
('', '000318', 0, '0000-00-00', '2018-07-02', '11:42:07', '00:00:00', '0000-00-00', '00:00:00'),
('', '000319', 0, '0000-00-00', '2018-07-02', '11:42:07', '00:00:00', '0000-00-00', '00:00:00'),
('', '000320', 0, '0000-00-00', '2018-07-02', '11:42:07', '00:00:00', '0000-00-00', '00:00:00'),
('', '000321', 0, '0000-00-00', '2018-07-02', '11:42:07', '00:00:00', '0000-00-00', '00:00:00'),
('', '000322', 0, '0000-00-00', '2018-07-02', '11:42:07', '00:00:00', '0000-00-00', '00:00:00'),
('', '000323', 0, '0000-00-00', '2018-07-02', '11:42:07', '00:00:00', '0000-00-00', '00:00:00'),
('', '000324', 0, '0000-00-00', '2018-07-02', '11:42:07', '00:00:00', '0000-00-00', '00:00:00'),
('', '000325', 0, '0000-00-00', '2018-07-02', '11:42:07', '00:00:00', '0000-00-00', '00:00:00'),
('', '000326', 0, '0000-00-00', '2018-07-02', '11:42:07', '00:00:00', '0000-00-00', '00:00:00'),
('', '000327', 0, '0000-00-00', '2018-07-02', '11:42:07', '00:00:00', '0000-00-00', '00:00:00'),
('', '000328', 0, '0000-00-00', '2018-07-02', '11:42:07', '00:00:00', '0000-00-00', '00:00:00'),
('', '000329', 0, '0000-00-00', '2018-07-02', '11:42:07', '00:00:00', '0000-00-00', '00:00:00'),
('', '000330', 0, '0000-00-00', '2018-07-02', '11:42:07', '00:00:00', '0000-00-00', '00:00:00'),
('', '000331', 0, '0000-00-00', '2018-07-02', '11:42:07', '00:00:00', '0000-00-00', '00:00:00'),
('', '000332', 0, '0000-00-00', '2018-07-02', '11:42:07', '00:00:00', '0000-00-00', '00:00:00'),
('', '000333', 0, '0000-00-00', '2018-07-02', '11:42:07', '00:00:00', '0000-00-00', '00:00:00'),
('', '000334', 0, '0000-00-00', '2018-07-02', '11:42:07', '00:00:00', '0000-00-00', '00:00:00'),
('', '000335', 0, '0000-00-00', '2018-07-02', '11:42:07', '00:00:00', '0000-00-00', '00:00:00'),
('', '000336', 0, '0000-00-00', '2018-07-02', '11:42:08', '00:00:00', '0000-00-00', '00:00:00'),
('', '000337', 0, '0000-00-00', '2018-07-02', '11:42:08', '00:00:00', '0000-00-00', '00:00:00'),
('', '000338', 0, '0000-00-00', '2018-07-02', '11:42:08', '00:00:00', '0000-00-00', '00:00:00'),
('', '000339', 0, '0000-00-00', '2018-07-02', '11:42:08', '00:00:00', '0000-00-00', '00:00:00'),
('', '000340', 0, '0000-00-00', '2018-07-02', '11:42:08', '00:00:00', '0000-00-00', '00:00:00'),
('', '000341', 0, '0000-00-00', '2018-07-02', '11:42:08', '00:00:00', '0000-00-00', '00:00:00'),
('', '000342', 0, '0000-00-00', '2018-07-02', '11:42:08', '00:00:00', '0000-00-00', '00:00:00'),
('', '000343', 0, '0000-00-00', '2018-07-02', '11:42:08', '00:00:00', '0000-00-00', '00:00:00'),
('', '000344', 0, '0000-00-00', '2018-07-02', '11:42:08', '00:00:00', '0000-00-00', '00:00:00'),
('', '000345', 0, '0000-00-00', '2018-07-02', '11:42:08', '00:00:00', '0000-00-00', '00:00:00'),
('', '000346', 0, '0000-00-00', '2018-07-02', '11:42:08', '00:00:00', '0000-00-00', '00:00:00'),
('', '000347', 0, '0000-00-00', '2018-07-02', '11:42:08', '00:00:00', '0000-00-00', '00:00:00'),
('', '000348', 0, '0000-00-00', '2018-07-02', '11:42:08', '00:00:00', '0000-00-00', '00:00:00'),
('', '000349', 0, '0000-00-00', '2018-07-02', '11:42:08', '00:00:00', '0000-00-00', '00:00:00'),
('', '000350', 0, '0000-00-00', '2018-07-02', '11:42:08', '00:00:00', '0000-00-00', '00:00:00'),
('', '000351', 0, '0000-00-00', '2018-07-02', '11:42:08', '00:00:00', '0000-00-00', '00:00:00'),
('', '000352', 0, '0000-00-00', '2018-07-02', '11:42:08', '00:00:00', '0000-00-00', '00:00:00'),
('', '000353', 0, '0000-00-00', '2018-07-02', '11:42:08', '00:00:00', '0000-00-00', '00:00:00'),
('', '000354', 0, '0000-00-00', '2018-07-02', '11:42:08', '00:00:00', '0000-00-00', '00:00:00'),
('', '000355', 0, '0000-00-00', '2018-07-02', '11:42:08', '00:00:00', '0000-00-00', '00:00:00'),
('', '000356', 0, '0000-00-00', '2018-07-02', '11:42:08', '00:00:00', '0000-00-00', '00:00:00'),
('', '000357', 0, '0000-00-00', '2018-07-02', '11:42:08', '00:00:00', '0000-00-00', '00:00:00'),
('', '000358', 0, '0000-00-00', '2018-07-02', '11:42:08', '00:00:00', '0000-00-00', '00:00:00'),
('', '000359', 0, '0000-00-00', '2018-07-02', '11:42:08', '00:00:00', '0000-00-00', '00:00:00'),
('', '000360', 0, '0000-00-00', '2018-07-02', '11:42:08', '00:00:00', '0000-00-00', '00:00:00'),
('', '000361', 0, '0000-00-00', '2018-07-02', '11:42:08', '00:00:00', '0000-00-00', '00:00:00'),
('', '000362', 0, '0000-00-00', '2018-07-02', '11:42:08', '00:00:00', '0000-00-00', '00:00:00'),
('', '000363', 0, '0000-00-00', '2018-07-02', '11:42:08', '00:00:00', '0000-00-00', '00:00:00'),
('', '000364', 0, '0000-00-00', '2018-07-02', '11:42:08', '00:00:00', '0000-00-00', '00:00:00'),
('', '000365', 0, '0000-00-00', '2018-07-02', '11:42:08', '00:00:00', '0000-00-00', '00:00:00'),
('', '000366', 0, '0000-00-00', '2018-07-02', '11:42:08', '00:00:00', '0000-00-00', '00:00:00'),
('', '000367', 0, '0000-00-00', '2018-07-02', '11:42:08', '00:00:00', '0000-00-00', '00:00:00'),
('', '000368', 0, '0000-00-00', '2018-07-02', '11:42:08', '00:00:00', '0000-00-00', '00:00:00'),
('', '000369', 0, '0000-00-00', '2018-07-02', '11:42:08', '00:00:00', '0000-00-00', '00:00:00'),
('', '000370', 0, '0000-00-00', '2018-07-02', '11:42:08', '00:00:00', '0000-00-00', '00:00:00'),
('', '000371', 0, '0000-00-00', '2018-07-02', '11:42:08', '00:00:00', '0000-00-00', '00:00:00'),
('', '000372', 0, '0000-00-00', '2018-07-02', '11:42:08', '00:00:00', '0000-00-00', '00:00:00'),
('', '000373', 0, '0000-00-00', '2018-07-02', '11:42:08', '00:00:00', '0000-00-00', '00:00:00'),
('', '000374', 0, '0000-00-00', '2018-07-02', '11:42:08', '00:00:00', '0000-00-00', '00:00:00'),
('', '000375', 0, '0000-00-00', '2018-07-02', '11:42:08', '00:00:00', '0000-00-00', '00:00:00'),
('', '000376', 0, '0000-00-00', '2018-07-02', '11:42:08', '00:00:00', '0000-00-00', '00:00:00'),
('', '000377', 0, '0000-00-00', '2018-07-02', '11:42:08', '00:00:00', '0000-00-00', '00:00:00'),
('', '000378', 0, '0000-00-00', '2018-07-02', '11:42:08', '00:00:00', '0000-00-00', '00:00:00'),
('', '000379', 0, '0000-00-00', '2018-07-02', '11:42:08', '00:00:00', '0000-00-00', '00:00:00'),
('', '000380', 0, '0000-00-00', '2018-07-02', '11:42:08', '00:00:00', '0000-00-00', '00:00:00'),
('', '000381', 0, '0000-00-00', '2018-07-02', '11:42:08', '00:00:00', '0000-00-00', '00:00:00'),
('', '000382', 0, '0000-00-00', '2018-07-02', '11:42:08', '00:00:00', '0000-00-00', '00:00:00'),
('', '000383', 0, '0000-00-00', '2018-07-02', '11:42:08', '00:00:00', '0000-00-00', '00:00:00'),
('', '000384', 0, '0000-00-00', '2018-07-02', '11:42:08', '00:00:00', '0000-00-00', '00:00:00'),
('', '000385', 0, '0000-00-00', '2018-07-02', '11:42:08', '00:00:00', '0000-00-00', '00:00:00'),
('', '000386', 0, '0000-00-00', '2018-07-02', '11:42:08', '00:00:00', '0000-00-00', '00:00:00'),
('', '000387', 0, '0000-00-00', '2018-07-02', '11:42:08', '00:00:00', '0000-00-00', '00:00:00'),
('', '000388', 0, '0000-00-00', '2018-07-02', '11:42:08', '00:00:00', '0000-00-00', '00:00:00'),
('', '000389', 0, '0000-00-00', '2018-07-02', '11:42:08', '00:00:00', '0000-00-00', '00:00:00'),
('', '000390', 0, '0000-00-00', '2018-07-02', '11:42:08', '00:00:00', '0000-00-00', '00:00:00'),
('', '000391', 0, '0000-00-00', '2018-07-02', '11:42:08', '00:00:00', '0000-00-00', '00:00:00'),
('', '000392', 0, '0000-00-00', '2018-07-02', '11:42:08', '00:00:00', '0000-00-00', '00:00:00'),
('', '000393', 0, '0000-00-00', '2018-07-02', '11:42:08', '00:00:00', '0000-00-00', '00:00:00'),
('', '000394', 0, '0000-00-00', '2018-07-02', '11:42:08', '00:00:00', '0000-00-00', '00:00:00'),
('', '000395', 0, '0000-00-00', '2018-07-02', '11:42:08', '00:00:00', '0000-00-00', '00:00:00'),
('', '000396', 0, '0000-00-00', '2018-07-02', '11:42:08', '00:00:00', '0000-00-00', '00:00:00'),
('', '000397', 0, '0000-00-00', '2018-07-02', '11:42:08', '00:00:00', '0000-00-00', '00:00:00'),
('', '000398', 0, '0000-00-00', '2018-07-02', '11:42:08', '00:00:00', '0000-00-00', '00:00:00'),
('', '000399', 0, '0000-00-00', '2018-07-02', '11:42:08', '00:00:00', '0000-00-00', '00:00:00'),
('', '000400', 0, '0000-00-00', '2018-07-02', '11:42:08', '00:00:00', '0000-00-00', '00:00:00'),
('', '000401', 0, '0000-00-00', '2018-07-02', '11:42:08', '00:00:00', '0000-00-00', '00:00:00'),
('', '000402', 0, '0000-00-00', '2018-07-02', '11:42:08', '00:00:00', '0000-00-00', '00:00:00'),
('', '000403', 0, '0000-00-00', '2018-07-02', '11:42:08', '00:00:00', '0000-00-00', '00:00:00'),
('', '000404', 0, '0000-00-00', '2018-07-02', '11:42:08', '00:00:00', '0000-00-00', '00:00:00'),
('', '000405', 0, '0000-00-00', '2018-07-02', '11:42:08', '00:00:00', '0000-00-00', '00:00:00'),
('', '000406', 0, '0000-00-00', '2018-07-02', '11:42:08', '00:00:00', '0000-00-00', '00:00:00'),
('', '000407', 0, '0000-00-00', '2018-07-02', '11:42:08', '00:00:00', '0000-00-00', '00:00:00'),
('', '000408', 0, '0000-00-00', '2018-07-02', '11:42:08', '00:00:00', '0000-00-00', '00:00:00'),
('', '000409', 0, '0000-00-00', '2018-07-02', '11:42:08', '00:00:00', '0000-00-00', '00:00:00'),
('', '000410', 0, '0000-00-00', '2018-07-02', '11:42:08', '00:00:00', '0000-00-00', '00:00:00'),
('', '000411', 0, '0000-00-00', '2018-07-02', '11:42:08', '00:00:00', '0000-00-00', '00:00:00'),
('', '000412', 0, '0000-00-00', '2018-07-02', '11:42:08', '00:00:00', '0000-00-00', '00:00:00'),
('', '000413', 0, '0000-00-00', '2018-07-02', '11:42:08', '00:00:00', '0000-00-00', '00:00:00'),
('', '000414', 0, '0000-00-00', '2018-07-02', '11:42:08', '00:00:00', '0000-00-00', '00:00:00'),
('', '000415', 0, '0000-00-00', '2018-07-02', '11:42:08', '00:00:00', '0000-00-00', '00:00:00'),
('', '000416', 0, '0000-00-00', '2018-07-02', '11:42:08', '00:00:00', '0000-00-00', '00:00:00'),
('', '000417', 0, '0000-00-00', '2018-07-02', '11:42:08', '00:00:00', '0000-00-00', '00:00:00'),
('', '000418', 0, '0000-00-00', '2018-07-02', '11:42:08', '00:00:00', '0000-00-00', '00:00:00'),
('', '000419', 0, '0000-00-00', '2018-07-02', '11:42:08', '00:00:00', '0000-00-00', '00:00:00'),
('', '000420', 0, '0000-00-00', '2018-07-02', '11:42:08', '00:00:00', '0000-00-00', '00:00:00'),
('', '000421', 0, '0000-00-00', '2018-07-02', '11:42:08', '00:00:00', '0000-00-00', '00:00:00'),
('', '000422', 0, '0000-00-00', '2018-07-02', '11:42:08', '00:00:00', '0000-00-00', '00:00:00'),
('', '000423', 0, '0000-00-00', '2018-07-02', '11:42:08', '00:00:00', '0000-00-00', '00:00:00'),
('', '000424', 0, '0000-00-00', '2018-07-02', '11:42:08', '00:00:00', '0000-00-00', '00:00:00'),
('', '000425', 0, '0000-00-00', '2018-07-02', '11:42:08', '00:00:00', '0000-00-00', '00:00:00'),
('', '000426', 0, '0000-00-00', '2018-07-02', '11:42:08', '00:00:00', '0000-00-00', '00:00:00'),
('', '000427', 0, '0000-00-00', '2018-07-02', '11:42:08', '00:00:00', '0000-00-00', '00:00:00'),
('', '000428', 0, '0000-00-00', '2018-07-02', '11:42:08', '00:00:00', '0000-00-00', '00:00:00'),
('', '000429', 0, '0000-00-00', '2018-07-02', '11:42:08', '00:00:00', '0000-00-00', '00:00:00'),
('', '000430', 0, '0000-00-00', '2018-07-02', '11:42:08', '00:00:00', '0000-00-00', '00:00:00'),
('', '000431', 0, '0000-00-00', '2018-07-02', '11:42:08', '00:00:00', '0000-00-00', '00:00:00'),
('', '000432', 0, '0000-00-00', '2018-07-02', '11:42:08', '00:00:00', '0000-00-00', '00:00:00'),
('', '000433', 0, '0000-00-00', '2018-07-02', '11:42:08', '00:00:00', '0000-00-00', '00:00:00'),
('', '000434', 0, '0000-00-00', '2018-07-02', '11:42:08', '00:00:00', '0000-00-00', '00:00:00'),
('', '000435', 0, '0000-00-00', '2018-07-02', '11:42:08', '00:00:00', '0000-00-00', '00:00:00'),
('', '000436', 0, '0000-00-00', '2018-07-02', '11:42:08', '00:00:00', '0000-00-00', '00:00:00'),
('', '000437', 0, '0000-00-00', '2018-07-02', '11:42:08', '00:00:00', '0000-00-00', '00:00:00'),
('', '000438', 0, '0000-00-00', '2018-07-02', '11:42:08', '00:00:00', '0000-00-00', '00:00:00'),
('', '000439', 0, '0000-00-00', '2018-07-02', '11:42:08', '00:00:00', '0000-00-00', '00:00:00'),
('', '000440', 0, '0000-00-00', '2018-07-02', '11:42:08', '00:00:00', '0000-00-00', '00:00:00'),
('', '000441', 0, '0000-00-00', '2018-07-02', '11:42:08', '00:00:00', '0000-00-00', '00:00:00'),
('', '000442', 0, '0000-00-00', '2018-07-02', '11:42:08', '00:00:00', '0000-00-00', '00:00:00'),
('', '000443', 0, '0000-00-00', '2018-07-02', '11:42:08', '00:00:00', '0000-00-00', '00:00:00'),
('', '000444', 0, '0000-00-00', '2018-07-02', '11:42:08', '00:00:00', '0000-00-00', '00:00:00'),
('', '000445', 0, '0000-00-00', '2018-07-02', '11:42:08', '00:00:00', '0000-00-00', '00:00:00'),
('', '000446', 0, '0000-00-00', '2018-07-02', '11:42:08', '00:00:00', '0000-00-00', '00:00:00'),
('', '000447', 0, '0000-00-00', '2018-07-02', '11:42:08', '00:00:00', '0000-00-00', '00:00:00'),
('', '000448', 0, '0000-00-00', '2018-07-02', '11:42:08', '00:00:00', '0000-00-00', '00:00:00'),
('', '000449', 0, '0000-00-00', '2018-07-02', '11:42:08', '00:00:00', '0000-00-00', '00:00:00'),
('', '000450', 0, '0000-00-00', '2018-07-02', '11:42:08', '00:00:00', '0000-00-00', '00:00:00'),
('', '000451', 0, '0000-00-00', '2018-07-02', '11:42:08', '00:00:00', '0000-00-00', '00:00:00'),
('', '000452', 0, '0000-00-00', '2018-07-02', '11:42:08', '00:00:00', '0000-00-00', '00:00:00'),
('', '000453', 0, '0000-00-00', '2018-07-02', '11:42:08', '00:00:00', '0000-00-00', '00:00:00'),
('', '000454', 0, '0000-00-00', '2018-07-02', '11:42:08', '00:00:00', '0000-00-00', '00:00:00'),
('', '000455', 0, '0000-00-00', '2018-07-02', '11:42:08', '00:00:00', '0000-00-00', '00:00:00'),
('', '000456', 0, '0000-00-00', '2018-07-02', '11:42:08', '00:00:00', '0000-00-00', '00:00:00'),
('', '000457', 0, '0000-00-00', '2018-07-02', '11:42:08', '00:00:00', '0000-00-00', '00:00:00'),
('', '000458', 0, '0000-00-00', '2018-07-02', '11:42:08', '00:00:00', '0000-00-00', '00:00:00'),
('', '000459', 0, '0000-00-00', '2018-07-02', '11:42:08', '00:00:00', '0000-00-00', '00:00:00'),
('', '000460', 0, '0000-00-00', '2018-07-02', '11:42:08', '00:00:00', '0000-00-00', '00:00:00'),
('', '000461', 0, '0000-00-00', '2018-07-02', '11:42:08', '00:00:00', '0000-00-00', '00:00:00'),
('', '000462', 0, '0000-00-00', '2018-07-02', '11:42:08', '00:00:00', '0000-00-00', '00:00:00'),
('', '000463', 0, '0000-00-00', '2018-07-02', '11:42:08', '00:00:00', '0000-00-00', '00:00:00'),
('', '000464', 0, '0000-00-00', '2018-07-02', '11:42:08', '00:00:00', '0000-00-00', '00:00:00'),
('', '000465', 0, '0000-00-00', '2018-07-02', '11:42:08', '00:00:00', '0000-00-00', '00:00:00'),
('', '000466', 0, '0000-00-00', '2018-07-02', '11:42:08', '00:00:00', '0000-00-00', '00:00:00'),
('', '000467', 0, '0000-00-00', '2018-07-02', '11:42:08', '00:00:00', '0000-00-00', '00:00:00'),
('', '000468', 0, '0000-00-00', '2018-07-02', '11:42:08', '00:00:00', '0000-00-00', '00:00:00'),
('', '000469', 0, '0000-00-00', '2018-07-02', '11:42:08', '00:00:00', '0000-00-00', '00:00:00'),
('', '000470', 0, '0000-00-00', '2018-07-02', '11:42:08', '00:00:00', '0000-00-00', '00:00:00'),
('', '000471', 0, '0000-00-00', '2018-07-02', '11:42:08', '00:00:00', '0000-00-00', '00:00:00'),
('', '000472', 0, '0000-00-00', '2018-07-02', '11:42:08', '00:00:00', '0000-00-00', '00:00:00'),
('', '000473', 0, '0000-00-00', '2018-07-02', '11:42:08', '00:00:00', '0000-00-00', '00:00:00'),
('', '000474', 0, '0000-00-00', '2018-07-02', '11:42:08', '00:00:00', '0000-00-00', '00:00:00'),
('', '000475', 0, '0000-00-00', '2018-07-02', '11:42:08', '00:00:00', '0000-00-00', '00:00:00'),
('', '000476', 0, '0000-00-00', '2018-07-02', '11:42:08', '00:00:00', '0000-00-00', '00:00:00'),
('', '000477', 0, '0000-00-00', '2018-07-02', '11:42:09', '00:00:00', '0000-00-00', '00:00:00'),
('', '000478', 0, '0000-00-00', '2018-07-02', '11:42:09', '00:00:00', '0000-00-00', '00:00:00'),
('', '000479', 0, '0000-00-00', '2018-07-02', '11:42:09', '00:00:00', '0000-00-00', '00:00:00'),
('', '000480', 0, '0000-00-00', '2018-07-02', '11:42:09', '00:00:00', '0000-00-00', '00:00:00'),
('', '000481', 0, '0000-00-00', '2018-07-02', '11:42:09', '00:00:00', '0000-00-00', '00:00:00'),
('', '000482', 0, '0000-00-00', '2018-07-02', '11:42:09', '00:00:00', '0000-00-00', '00:00:00'),
('', '000483', 0, '0000-00-00', '2018-07-02', '11:42:09', '00:00:00', '0000-00-00', '00:00:00'),
('', '000484', 0, '0000-00-00', '2018-07-02', '11:42:09', '00:00:00', '0000-00-00', '00:00:00'),
('', '000485', 0, '0000-00-00', '2018-07-02', '11:42:09', '00:00:00', '0000-00-00', '00:00:00'),
('', '000486', 0, '0000-00-00', '2018-07-02', '11:42:09', '00:00:00', '0000-00-00', '00:00:00'),
('', '000487', 0, '0000-00-00', '2018-07-02', '11:42:09', '00:00:00', '0000-00-00', '00:00:00'),
('', '000488', 0, '0000-00-00', '2018-07-02', '11:42:09', '00:00:00', '0000-00-00', '00:00:00'),
('', '000489', 0, '0000-00-00', '2018-07-02', '11:42:09', '00:00:00', '0000-00-00', '00:00:00'),
('', '000490', 0, '0000-00-00', '2018-07-02', '11:42:09', '00:00:00', '0000-00-00', '00:00:00'),
('', '000491', 0, '0000-00-00', '2018-07-02', '11:42:09', '00:00:00', '0000-00-00', '00:00:00'),
('', '000492', 0, '0000-00-00', '2018-07-02', '11:42:09', '00:00:00', '0000-00-00', '00:00:00'),
('', '000493', 0, '0000-00-00', '2018-07-02', '11:42:09', '00:00:00', '0000-00-00', '00:00:00'),
('', '000494', 0, '0000-00-00', '2018-07-02', '11:42:09', '00:00:00', '0000-00-00', '00:00:00'),
('', '000495', 0, '0000-00-00', '2018-07-02', '11:42:09', '00:00:00', '0000-00-00', '00:00:00'),
('', '000496', 0, '0000-00-00', '2018-07-02', '11:42:09', '00:00:00', '0000-00-00', '00:00:00'),
('', '000497', 0, '0000-00-00', '2018-07-02', '11:42:09', '00:00:00', '0000-00-00', '00:00:00'),
('', '000498', 0, '0000-00-00', '2018-07-02', '11:42:09', '00:00:00', '0000-00-00', '00:00:00'),
('', '000499', 0, '0000-00-00', '2018-07-02', '11:42:09', '00:00:00', '0000-00-00', '00:00:00'),
('', '000500', 0, '0000-00-00', '2018-07-02', '11:42:09', '00:00:00', '0000-00-00', '00:00:00');

-- --------------------------------------------------------

--
-- 表的结构 `discount_program`
--

DROP TABLE IF EXISTS `discount_program`;
CREATE TABLE IF NOT EXISTS `discount_program` (
  `id` varchar(20) COLLATE utf8_unicode_ci NOT NULL COMMENT 'id',
  `price` int(10) unsigned NOT NULL COMMENT '原價',
  `discount` int(10) unsigned NOT NULL COMMENT '折扣(範圍1-9折)',
  `discount_price` int(10) unsigned NOT NULL COMMENT '折扣後價位',
  `number` int(5) NOT NULL COMMENT '會籍數字(1-9)',
  `types` varchar(10) COLLATE utf8_unicode_ci NOT NULL COMMENT '類型(年、月)',
  `up_date` date DEFAULT NULL COMMENT '更改日期',
  `up_time` time DEFAULT NULL COMMENT '更改時間',
  `join_date` date NOT NULL COMMENT '加入日期',
  `join_time` time NOT NULL COMMENT '加入時間',
  PRIMARY KEY (`id`)
) ENGINE=MyISAM DEFAULT CHARSET=utf8 COLLATE=utf8_unicode_ci COMMENT='優惠方案';

--
-- 转存表中的数据 `discount_program`
--

INSERT INTO `discount_program` (`id`, `price`, `discount`, `discount_price`, `number`, `types`, `up_date`, `up_time`, `join_date`, `join_time`) VALUES
('5b27d221d6', 1280, 0, 1280, 1, '月', '2018-07-01', '21:30:24', '2018-06-18', '23:39:13'),
('5b2a7ba7ea', 990, 0, 990, 1, '年', '2018-07-11', '11:14:23', '2018-06-21', '00:07:03'),
('5b39cdc6db', 2560, 0, 256, 2, '月', '2018-07-11', '14:22:49', '2018-07-02', '15:01:26'),
('5b39cde038', 2000, 1, 200, 2, '月', NULL, NULL, '2018-07-02', '15:01:52'),
('5b3a07a630', 5120, 1, 512, 4, '月', NULL, NULL, '2018-07-02', '19:08:22'),
('5b44b13b7d9ee', 1000, 0, 1000, 1, '月', NULL, NULL, '2018-07-10', '21:14:35'),
('5b45a65d35163', 1280, 0, 1280, 6, '月', NULL, NULL, '2018-07-11', '14:40:29');

-- --------------------------------------------------------

--
-- 表的结构 `in_and_out`
--

DROP TABLE IF EXISTS `in_and_out`;
CREATE TABLE IF NOT EXISTS `in_and_out` (
  `id` varchar(10) COLLATE utf8_unicode_ci NOT NULL COMMENT 'id',
  `types` int(2) unsigned NOT NULL COMMENT '進出場(0=進場;1=出場)',
  `who` varchar(10) COLLATE utf8_unicode_ci NOT NULL COMMENT '誰進出場(連member card_id)',
  `staff` varchar(100) COLLATE utf8_unicode_ci NOT NULL COMMENT '哪位員工刷入',
  `in_date` date NOT NULL COMMENT '進場日期',
  `in_time` time NOT NULL COMMENT '進場時間',
  `out_date` date DEFAULT NULL COMMENT '出場日期',
  `out_time` time DEFAULT NULL COMMENT '出場時間',
  PRIMARY KEY (`id`),
  KEY `member_id` (`who`),
  KEY `who` (`who`)
) ENGINE=MyISAM DEFAULT CHARSET=utf8 COLLATE=utf8_unicode_ci COMMENT='進出場紀錄';

--
-- 转存表中的数据 `in_and_out`
--

INSERT INTO `in_and_out` (`id`, `types`, `who`, `staff`, `in_date`, `in_time`, `out_date`, `out_time`) VALUES
('5b39c83bea', 0, '000051', '蘇永勝', '2018-07-02', '14:37:47', NULL, NULL),
('5b39c87980', 0, '000051', '蘇永勝', '2018-07-02', '14:38:49', NULL, NULL),
('5b39c9c74a', 1, '000001', '蘇永勝', '2018-07-02', '14:44:23', '2018-07-02', '14:44:35'),
('5b39d58c7a', 0, '000002', 'Iris', '2018-07-02', '15:34:36', NULL, NULL),
('5b3a0bf272', 0, '000001', 'Iris', '2018-07-02', '19:26:42', NULL, NULL),
('5b3a0c6c82', 1, '000008', 'Iris', '2018-07-02', '19:28:44', '2018-07-02', '19:33:40'),
('5b3a0d28a5', 0, '000001', 'Iris', '2018-07-02', '19:31:52', NULL, NULL),
('5b3aee6a1f', 0, '000008', 'Iris', '2018-07-03', '11:32:58', NULL, NULL),
('5b3b54d2d5', 0, '000047', 'Iris', '2018-07-03', '18:49:54', NULL, NULL),
('5b3d016006', 0, '000008', 'Iris', '2018-07-05', '01:18:24', NULL, NULL),
('5b3d027a28', 0, '000008', 'Iris', '2018-07-05', '01:23:06', NULL, NULL),
('5b3d6c1dd1', 0, '000001', '蘇', '2018-07-05', '08:53:49', NULL, NULL),
('5b3d6db3df', 0, '000001', '蘇', '2018-07-05', '09:00:35', NULL, NULL),
('5b3e009b87', 0, '000001', 'Iris', '2018-07-05', '19:27:23', NULL, NULL),
('5b3e00bc3b', 0, '000002', 'Iris', '2018-07-05', '19:27:56', NULL, NULL),
('5b3e00f681', 0, '000001', 'Iris', '2018-07-05', '19:28:54', NULL, NULL),
('5b3e05d26b', 0, '000016', 'Iris', '2018-07-05', '19:49:38', NULL, NULL),
('5b3e06e66c', 0, '000014', 'Iris', '2018-07-05', '19:54:14', NULL, NULL),
('5b3e09be0e', 0, '000017', 'Iris', '2018-07-05', '20:06:22', NULL, NULL),
('5b3e0a3d2b', 0, '000037', 'Iris', '2018-07-05', '20:08:29', NULL, NULL),
('5b3e0c6343', 0, '000018', 'Iris', '2018-07-05', '20:17:39', NULL, NULL),
('5b3e0d7017', 0, '000007', 'Iris', '2018-07-05', '20:22:08', NULL, NULL),
('5b3e0de18a', 0, '000008', 'Iris', '2018-07-05', '20:24:01', NULL, NULL),
('5b3e0f4cbc', 0, '000012', 'Iris', '2018-07-05', '20:30:04', NULL, NULL),
('5b3e0f8f95', 0, '000018', 'Iris', '2018-07-05', '20:31:11', NULL, NULL),
('5b3e1110e0', 0, '000012', 'Iris', '2018-07-05', '20:37:36', NULL, NULL),
('5b3e1f9b98', 0, '000017', 'Iris', '2018-07-05', '21:39:39', NULL, NULL),
('5b3ede541f', 0, '000045', 'Iris', '2018-07-06', '11:13:24', NULL, NULL),
('5b3ede8139', 0, '000044', 'Iris', '2018-07-06', '11:14:09', NULL, NULL),
('5b3edf2c2b', 0, '000045', 'Iris', '2018-07-06', '11:17:00', NULL, NULL),
('5b3ef0195b', 0, '000008', 'JD', '2018-07-06', '12:29:13', NULL, NULL),
('5b3ef04c35', 0, '000008', 'JD', '2018-07-06', '12:30:04', NULL, NULL),
('5b3ef0590b', 0, '000003', 'JD', '2018-07-06', '12:30:17', NULL, NULL),
('5b3ef06496', 0, '000004', 'JD', '2018-07-06', '12:30:28', NULL, NULL),
('5b3ef06d7a', 0, '000003', 'JD', '2018-07-06', '12:30:37', NULL, NULL),
('5b3ef0f5b9', 0, '000003', 'Iris', '2018-07-06', '12:32:53', NULL, NULL),
('5b3ef41199', 0, '000046', 'Iris', '2018-07-06', '12:46:09', NULL, NULL),
('5b3efcb31d', 0, '000038', 'Iris', '2018-07-06', '13:22:59', NULL, NULL),
('5b3f07ee98', 0, '000047', 'Iris', '2018-07-06', '14:10:54', NULL, NULL),
('5b3f080c9f', 0, '000004', 'Iris', '2018-07-06', '14:11:24', NULL, NULL),
('5b3f0d6142', 0, '000049', 'Iris', '2018-07-06', '14:34:09', NULL, NULL),
('5b3f13586c', 0, '000051', 'Iris', '2018-07-06', '14:59:36', NULL, NULL),
('5b3f1c4ce3', 0, '000031', 'Iris', '2018-07-06', '15:37:48', NULL, NULL),
('5b3f1c772c', 0, '000041', 'Iris', '2018-07-06', '15:38:31', NULL, NULL),
('5b3f1c8857', 0, '000031', 'Iris', '2018-07-06', '15:38:48', NULL, NULL),
('5b3f2ea1db', 0, '000042', 'Iris', '2018-07-06', '16:56:01', NULL, NULL),
('5b3f35d465', 0, '000005', 'Iris', '2018-07-06', '17:26:44', NULL, NULL),
('5b3f52c944', 0, '000040', 'Iris', '2018-07-06', '19:30:17', NULL, NULL),
('5b3f53cd45', 0, '000052', 'Iris', '2018-07-06', '19:34:37', NULL, NULL),
('5b3f58e617', 0, '000037', 'Iris', '2018-07-06', '19:56:22', NULL, NULL),
('5b3f5ca4a3', 0, '000007', 'Iris', '2018-07-06', '20:12:20', NULL, NULL),
('5b3f607d2b', 0, '000050', 'Iris', '2018-07-06', '20:28:45', NULL, NULL),
('5b3f6093b9', 0, '000050', 'Iris', '2018-07-06', '20:29:07', NULL, NULL),
('5b3f60a342', 0, '000050', 'Iris', '2018-07-06', '20:29:23', NULL, NULL),
('5b3f60b286', 0, '000050', 'Iris', '2018-07-06', '20:29:38', NULL, NULL),
('5b3f60bcc4', 0, '000050', 'Iris', '2018-07-06', '20:29:48', NULL, NULL),
('5b3f6177e8', 0, '000050', 'Iris', '2018-07-06', '20:32:55', NULL, NULL),
('5b3f6debd2', 0, '000017', 'Iris', '2018-07-06', '21:26:03', NULL, NULL),
('5b3f758721', 0, '000005', 'Iris', '2018-07-06', '21:58:31', NULL, NULL),
('5b3f75f392', 0, '000006', 'Iris', '2018-07-06', '22:00:19', NULL, NULL),
('5b403b0a5c', 0, '000008', 'zack', '2018-07-07', '12:01:14', NULL, NULL),
('5b403c6389', 0, '000052', 'zack', '2018-07-07', '12:06:59', NULL, NULL),
('5b403c6b76', 0, '000052', 'zack', '2018-07-07', '12:07:07', NULL, NULL),
('5b403c78b0', 0, '000051', 'zack', '2018-07-07', '12:07:20', NULL, NULL),
('5b405c157e', 0, '000032', 'JD', '2018-07-07', '14:22:13', NULL, NULL),
('5b406d1564', 0, '000043', 'JD', '2018-07-07', '15:34:45', NULL, NULL),
('5b40b231ef', 0, '000050', 'JD', '2018-07-07', '20:29:37', NULL, NULL),
('5b40baae8e', 0, '000018', 'JD', '2018-07-07', '21:05:50', NULL, NULL),
('5b40babdb4', 0, '000017', 'JD', '2018-07-07', '21:06:05', NULL, NULL),
('5b4171721d', 0, '000050', 'JD', '2018-07-08', '10:05:38', NULL, NULL),
('5b41a564e3', 0, '000045', 'JD', '2018-07-08', '13:47:16', NULL, NULL),
('5b41aa2bbe', 0, '000047', 'JD', '2018-07-08', '14:07:39', NULL, NULL),
('5b41acc06f', 0, '000008', 'Iris', '2018-07-08', '14:18:40', NULL, NULL),
('5b41b699e1', 0, '000040', 'Iris', '2018-07-08', '15:00:41', NULL, NULL),
('5b41c072ca', 0, '000038', 'Iris', '2018-07-08', '15:42:42', NULL, NULL),
('5b41c278ad', 0, '000022', 'Iris', '2018-07-08', '15:51:20', NULL, NULL),
('5b41cf38ad', 0, '000022', 'Iris', '2018-07-08', '16:45:44', NULL, NULL),
('5b41d20879', 0, '000042', 'Iris', '2018-07-08', '16:57:44', NULL, NULL),
('5b41d97ade', 0, '000034', 'Iris', '2018-07-08', '17:29:30', NULL, NULL),
('5b42dc1dae', 0, '000053', 'Iris', '2018-07-09', '11:53:01', NULL, NULL),
('5b42e9a560', 0, '000050', 'Iris', '2018-07-09', '12:50:45', NULL, NULL),
('5b42f50b0d', 0, '000035', 'Iris', '2018-07-09', '13:39:23', NULL, NULL),
('5b42f5e84f', 0, '000038', 'Iris', '2018-07-09', '13:43:04', NULL, NULL),
('5b42f7dcc2', 0, '000007', 'Iris', '2018-07-09', '13:51:24', NULL, NULL),
('5b43178aae', 0, '000012', 'Iris', '2018-07-09', '16:06:34', NULL, NULL),
('5b43179485', 0, '000011', 'Iris', '2018-07-09', '16:06:44', NULL, NULL),
('5b4317a4a4', 0, '000009', 'Iris', '2018-07-09', '16:07:00', NULL, NULL),
('5b4317b214', 0, '000006', 'Iris', '2018-07-09', '16:07:14', NULL, NULL),
('5b4317c53f', 0, '000006', 'Iris', '2018-07-09', '16:07:33', NULL, NULL),
('5b4317cb19', 0, '000003', 'Iris', '2018-07-09', '16:07:39', NULL, NULL),
('5b4317d07c', 0, '000009', 'Iris', '2018-07-09', '16:07:44', NULL, NULL),
('5b4317dd62', 0, '000011', 'Iris', '2018-07-09', '16:07:57', NULL, NULL),
('5b4317e3bb', 0, '000012', 'Iris', '2018-07-09', '16:08:03', NULL, NULL),
('5b4317eca6', 0, '000013', 'Iris', '2018-07-09', '16:08:12', NULL, NULL),
('5b4317f908', 0, '000019', 'Iris', '2018-07-09', '16:08:25', NULL, NULL),
('5b4318038c', 0, '000019', 'Iris', '2018-07-09', '16:08:35', NULL, NULL),
('5b4318136b', 0, '000019', 'Iris', '2018-07-09', '16:08:51', NULL, NULL),
('5b431824e6', 0, '000020', 'Iris', '2018-07-09', '16:09:08', NULL, NULL),
('5b431f742c', 0, '000013', 'Iris', '2018-07-09', '16:40:20', NULL, NULL),
('5b431f7e90', 0, '000020', 'Iris', '2018-07-09', '16:40:30', NULL, NULL),
('5b431f88c9', 0, '000013', 'Iris', '2018-07-09', '16:40:40', NULL, NULL),
('5b431f910b', 0, '000020', 'Iris', '2018-07-09', '16:40:49', NULL, NULL),
('5b431f95b7', 0, '000019', 'Iris', '2018-07-09', '16:40:53', NULL, NULL),
('5b431fa3d9', 0, '000013', 'Iris', '2018-07-09', '16:41:07', NULL, NULL),
('5b431fb428', 0, '000012', 'Iris', '2018-07-09', '16:41:24', NULL, NULL),
('5b431fbc87', 0, '000011', 'Iris', '2018-07-09', '16:41:32', NULL, NULL),
('5b431fc88d', 0, '000013', 'Iris', '2018-07-09', '16:41:44', NULL, NULL),
('5b431fcced', 0, '000013', 'Iris', '2018-07-09', '16:41:48', NULL, NULL),
('5b431fd357', 0, '000011', 'Iris', '2018-07-09', '16:41:55', NULL, NULL),
('5b431fd88b', 0, '000011', 'Iris', '2018-07-09', '16:42:00', NULL, NULL),
('5b431fdf6e', 0, '000009', 'Iris', '2018-07-09', '16:42:07', NULL, NULL),
('5b431fe5e5', 0, '000003', 'Iris', '2018-07-09', '16:42:13', NULL, NULL),
('5b431feb6f', 0, '000006', 'Iris', '2018-07-09', '16:42:19', NULL, NULL),
('5b431ff39b', 0, '000021', 'Iris', '2018-07-09', '16:42:27', NULL, NULL),
('5b4320b74c', 0, '000013', 'Iris', '2018-07-09', '16:45:43', NULL, NULL),
('5b4320c857', 0, '000023', 'Iris', '2018-07-09', '16:46:00', NULL, NULL),
('5b4320c9bb', 0, '000023', 'Iris', '2018-07-09', '16:46:01', NULL, NULL),
('5b4320cca4', 0, '000023', 'Iris', '2018-07-09', '16:46:04', NULL, NULL),
('5b43216900', 0, '000032', 'Iris', '2018-07-09', '16:48:41', NULL, NULL),
('5b43217524', 0, '000008', 'Iris', '2018-07-09', '16:48:53', NULL, NULL),
('5b43263641', 0, '000005', 'Iris', '2018-07-09', '17:09:10', NULL, NULL),
('5b4335d94f', 0, '000049', 'Iris', '2018-07-09', '18:15:53', NULL, NULL),
('5b433c13e0', 0, '000037', 'Iris', '2018-07-09', '18:42:27', NULL, NULL),
('5b43431f66', 0, '000045', 'Iris', '2018-07-09', '19:12:31', NULL, NULL),
('5b43493066', 0, '000051', 'Iris', '2018-07-09', '19:38:24', NULL, NULL),
('5b434ac0e1', 0, '000052', 'Iris', '2018-07-09', '19:45:04', NULL, NULL),
('5b43553daf', 0, '000054', 'Iris', '2018-07-09', '20:29:49', NULL, NULL),
('5b4355446c', 0, '000029', 'Iris', '2018-07-09', '20:29:56', NULL, NULL),
('5b43561db7', 0, '000048', 'Iris', '2018-07-09', '20:33:33', NULL, NULL),
('5b435b31af', 0, '000013', 'Iris', '2018-07-09', '20:55:13', NULL, NULL),
('5b435b407d', 0, '000012', 'Iris', '2018-07-09', '20:55:28', NULL, NULL),
('5b435b514f', 0, '000013', 'Iris', '2018-07-09', '20:55:45', NULL, NULL),
('5b435b611a', 0, '000012', 'Iris', '2018-07-09', '20:56:01', NULL, NULL),
('5b4360904f', 0, '000028', 'Iris', '2018-07-09', '21:18:08', NULL, NULL),
('5b43621d30', 0, '000028', 'Iris', '2018-07-09', '21:24:45', NULL, NULL),
('5b4416d103', 0, '000047', 'Iris', '2018-07-10', '10:15:45', NULL, NULL),
('5b4416d950', 0, '000045', 'Iris', '2018-07-10', '10:15:53', NULL, NULL),
('5b44476f6d', 0, '000036', 'Iris', '2018-07-10', '13:43:11', NULL, NULL),
('5b444df136', 0, '000026', 'Iris', '2018-07-10', '14:10:57', NULL, NULL),
('5b4466e517', 0, '000050', 'Iris', '2018-07-10', '15:57:25', NULL, NULL),
('5b447083a1', 0, '000042', 'Iris', '2018-07-10', '16:38:27', NULL, NULL),
('5b4473a65d', 0, '000006', 'Iris', '2018-07-10', '16:51:50', NULL, NULL),
('5b4473f1e8', 0, '000011', 'Iris', '2018-07-10', '16:53:05', NULL, NULL),
('5b44748eef', 0, '000017', 'Iris', '2018-07-10', '16:55:42', NULL, NULL),
('5b44749e38', 0, '000003', 'Iris', '2018-07-10', '16:55:58', NULL, NULL),
('5b4474a466', 0, '000003', 'Iris', '2018-07-10', '16:56:04', NULL, NULL),
('5b4474ba2b', 0, '000012', 'Iris', '2018-07-10', '16:56:26', NULL, NULL),
('5b4474c067', 0, '000013', 'Iris', '2018-07-10', '16:56:32', NULL, NULL),
('5b4474ecd5', 0, '000009', 'Iris', '2018-07-10', '16:57:16', NULL, NULL),
('5b4474f6c9', 0, '000006', 'Iris', '2018-07-10', '16:57:26', NULL, NULL),
('5b4474fe94', 0, '000011', 'Iris', '2018-07-10', '16:57:34', NULL, NULL),
('5b44755b41', 0, '000013', 'Iris', '2018-07-10', '16:59:07', NULL, NULL),
('5b4475695a', 0, '000006', 'Iris', '2018-07-10', '16:59:21', NULL, NULL),
('5b44756d56', 0, '000009', 'Iris', '2018-07-10', '16:59:25', NULL, NULL),
('5b447572f3', 0, '000012', 'Iris', '2018-07-10', '16:59:30', NULL, NULL),
('5b4475769b', 0, '000003', 'Iris', '2018-07-10', '16:59:34', NULL, NULL),
('5b44758a82', 0, '000038', 'Iris', '2018-07-10', '16:59:54', NULL, NULL),
('5b4475937e', 0, '000019', 'Iris', '2018-07-10', '17:00:03', NULL, NULL),
('5b447599d7', 0, '000020', 'Iris', '2018-07-10', '17:00:09', NULL, NULL),
('5b44759fea', 0, '000021', 'Iris', '2018-07-10', '17:00:15', NULL, NULL),
('5b4475a85a', 0, '000038', 'Iris', '2018-07-10', '17:00:24', NULL, NULL),
('5b4475b2c9', 0, '000039', 'Iris', '2018-07-10', '17:00:34', NULL, NULL),
('5b4475bb7b', 0, '000023', 'Iris', '2018-07-10', '17:00:43', NULL, NULL),
('5b4475bf09', 0, '000027', 'Iris', '2018-07-10', '17:00:47', NULL, NULL),
('5b4475cb70', 0, '000027', 'Iris', '2018-07-10', '17:00:59', NULL, NULL),
('5b4476210b', 0, '000043', 'Iris', '2018-07-10', '17:02:25', NULL, NULL),
('5b447710de', 0, '000054', 'Iris', '2018-07-10', '17:06:24', NULL, NULL),
('5b4477d1c3', 0, '000005', 'Iris', '2018-07-10', '17:09:37', NULL, NULL),
('5b447b015b', 0, '000039', 'Iris', '2018-07-10', '17:23:13', NULL, NULL),
('5b447b05e3', 0, '000039', 'Iris', '2018-07-10', '17:23:17', NULL, NULL),
('5b4482910b', 0, '000041', 'Iris', '2018-07-10', '17:55:29', NULL, NULL),
('5b44829a9f', 0, '000011', 'Iris', '2018-07-10', '17:55:38', NULL, NULL),
('5b44868309', 0, '000008', 'Iris', '2018-07-10', '18:12:19', NULL, NULL),
('5b448a7121', 0, '000022', 'Iris', '2018-07-10', '18:29:05', NULL, NULL),
('5b449b866f', 0, '000051', 'Iris', '2018-07-10', '19:41:58', NULL, NULL),
('5b449b868d', 0, '000051', 'Iris', '2018-07-10', '19:41:58', NULL, NULL),
('5b449badc4', 0, '000052', 'Iris', '2018-07-10', '19:42:37', NULL, NULL),
('5b449bae8d', 0, '000052', 'Iris', '2018-07-10', '19:42:38', NULL, NULL),
('5b449baef0', 0, '000052', 'Iris', '2018-07-10', '19:42:38', NULL, NULL),
('5b449baf0c', 0, '000052', 'Iris', '2018-07-10', '19:42:39', NULL, NULL),
('5b449be920', 0, '000052', 'Iris', '2018-07-10', '19:43:37', NULL, NULL),
('5b449c844b', 0, '000015', 'Iris', '2018-07-10', '19:46:12', NULL, NULL),
('5b44a4bbd1', 0, '000048', 'Iris', '2018-07-10', '20:21:15', NULL, NULL),
('5b44b1f3b1', 0, '000011', 'Iris', '2018-07-10', '21:17:39', NULL, NULL),
('5b44b2111a', 0, '000006', 'Iris', '2018-07-10', '21:18:09', NULL, NULL),
('5b44b22494', 0, '000009', 'Iris', '2018-07-10', '21:18:28', NULL, NULL),
('5b44b23762', 0, '000012', 'Iris', '2018-07-10', '21:18:47', NULL, NULL),
('5b44b24374', 0, '000003', 'Iris', '2018-07-10', '21:18:59', NULL, NULL),
('5b44b283de', 0, '000019', 'Iris', '2018-07-10', '21:20:03', NULL, NULL),
('5b44b2d488', 0, '000011', '蘇', '2018-07-10', '21:21:24', NULL, NULL),
('5b44b4072f', 0, '000011', '蘇', '2018-07-10', '21:26:31', NULL, NULL),
('5b44b41a2e', 0, '000006', '蘇', '2018-07-10', '21:26:50', NULL, NULL),
('5b44b43665', 0, '000009', '蘇', '2018-07-10', '21:27:18', NULL, NULL),
('5b44b43b4f', 0, '000003', '蘇', '2018-07-10', '21:27:23', NULL, NULL),
('5b4599d470', 0, '000031', 'Iris', '2018-07-11', '13:47:00', NULL, NULL),
('5b45ac83b1', 0, '000038', 'Iris', '2018-07-11', '15:06:43', NULL, NULL),
('5b45ad0cef', 0, '000049', 'Iris', '2018-07-11', '15:09:00', NULL, NULL),
('5b45af92b0', 0, '000007', 'Iris', '2018-07-11', '15:19:46', NULL, NULL),
('5b45b227f0', 0, '000041', 'Iris', '2018-07-11', '15:30:47', NULL, NULL),
('5b45ba3cd0', 0, '000043', 'Iris', '2018-07-11', '16:05:16', NULL, NULL),
('5b45ba5276', 0, '000034', 'Iris', '2018-07-11', '16:05:38', NULL, NULL),
('5b45c71e7c', 0, '000042', 'Iris', '2018-07-11', '17:00:14', NULL, NULL),
('5b45ca2606', 0, '000005', 'Iris', '2018-07-11', '17:13:10', NULL, NULL),
('5b45ca330c', 0, '000039', 'Iris', '2018-07-11', '17:13:23', NULL, NULL),
('5b45dfeeaa', 0, '000050', 'JD', '2018-07-11', '18:46:06', NULL, NULL),
('5b45e9e215', 0, '000040', 'JD', '2018-07-11', '19:28:34', NULL, NULL),
('5b45efe023', 0, '000051', 'JD', '2018-07-11', '19:54:08', NULL, NULL),
('5b45f173d6', 0, '000017', 'Iris', '2018-07-11', '20:00:51', NULL, NULL),
('5b45f17aad', 0, '000018', 'Iris', '2018-07-11', '20:00:58', NULL, NULL),
('5b45f6cc7b', 0, '000056', 'Iris', '2018-07-11', '20:23:40', NULL, NULL),
('5b45fe9336', 0, '000054', 'Iris', '2018-07-11', '20:56:51', NULL, NULL),
('5b460034bf', 0, '000055', 'Iris', '2018-07-11', '21:03:48', NULL, NULL),
('5b46012f09', 0, '000037', 'Iris', '2018-07-11', '21:07:59', NULL, NULL),
('5b46ba695a', 0, '000045', 'Iris', '2018-07-12', '10:18:17', NULL, NULL),
('5b46ba6f5e', 0, '000047', 'Iris', '2018-07-12', '10:18:23', NULL, NULL),
('5b46ed2a45', 0, '000003', 'JD', '2018-07-12', '13:54:50', NULL, NULL),
('5b46f29fbe', 0, '000031', 'JD', '2018-07-12', '14:18:07', NULL, NULL),
('5b46fbaa77', 0, '000041', 'JD', '2018-07-12', '14:56:42', NULL, NULL),
('5b47043a22', 0, '000016', 'JD', '2018-07-12', '15:33:14', NULL, NULL),
('5b470d658f', 0, '000032', 'JD', '2018-07-12', '16:12:21', NULL, NULL),
('5b470d6e8b', 0, '000032', 'JD', '2018-07-12', '16:12:30', NULL, NULL),
('5b470ecf70', 0, '000038', 'JD', '2018-07-12', '16:18:23', NULL, NULL),
('5b4713d4d7', 0, '000034', 'JD', '2018-07-12', '16:39:48', NULL, NULL),
('5b4715ec19', 0, '000017', 'Iris', '2018-07-12', '16:48:44', NULL, NULL),
('5b4715f129', 0, '000017', 'Iris', '2018-07-12', '16:48:49', NULL, NULL),
('5b471c3b95', 0, '000005', 'Iris', '2018-07-12', '17:15:39', NULL, NULL),
('5b4734f53e', 0, '000053', 'Iris', '2018-07-12', '19:01:09', NULL, NULL),
('5b47386050', 0, '000042', 'Iris', '2018-07-12', '19:15:44', NULL, NULL),
('5b473e2183', 0, '000052', 'Iris', '2018-07-12', '19:40:17', NULL, NULL),
('5b473f4a4b', 0, '000051', 'Iris', '2018-07-12', '19:45:14', NULL, NULL),
('5b4745cd38', 0, '000029', 'Iris', '2018-07-12', '20:13:01', NULL, NULL),
('5b4746ea7a', 0, '000018', 'Iris', '2018-07-12', '20:17:46', NULL, NULL),
('5b4746f23f', 0, '000015', 'Iris', '2018-07-12', '20:17:54', NULL, NULL),
('5b4746f7aa', 0, '000056', 'Iris', '2018-07-12', '20:17:59', NULL, NULL),
('5b47479a45', 0, '000049', 'Iris', '2018-07-12', '20:20:42', NULL, NULL),
('5b4751993d', 0, '000028', 'Iris', '2018-07-12', '21:03:21', NULL, NULL),
('5b485e79af', 0, '000043', 'JD', '2018-07-13', '16:10:33', NULL, NULL),
('5b48691917', 0, '000013', 'JD', '2018-07-13', '16:55:53', NULL, NULL),
('5b4869ce9d', 0, '000042', 'JD', '2018-07-13', '16:58:54', NULL, NULL),
('5b486bae8c', 0, '000005', 'JD', '2018-07-13', '17:06:54', NULL, NULL),
('5b4871fbdc', 0, '000008', 'zack', '2018-07-13', '17:33:47', NULL, NULL),
('5b487202f3', 0, '000008', 'zack', '2018-07-13', '17:33:54', NULL, NULL),
('5b4880238b', 0, '000003', 'zack', '2018-07-13', '18:34:11', NULL, NULL),
('5b488b6630', 0, '000040', 'zack', '2018-07-13', '19:22:14', NULL, NULL),
('5b488bd9ae', 0, '000053', 'zack', '2018-07-13', '19:24:09', NULL, NULL),
('5b489dbf9e', 0, '000049', 'zack', '2018-07-13', '20:40:31', NULL, NULL),
('5b48a2172a', 0, '000018', 'zack', '2018-07-13', '20:59:03', NULL, NULL),
('5b48af6a8d', 0, '000037', 'zack', '2018-07-13', '21:55:54', NULL, NULL),
('5b48b03b00', 0, '000055', 'zack', '2018-07-13', '21:59:23', NULL, NULL),
('5b48b548b7', 0, '000004', 'Iris', '2018-07-13', '22:20:56', NULL, NULL),
('5b49a7372e', 0, '000033', 'Iris', '2018-07-14', '15:33:11', NULL, NULL),
('5b49c7195c', 0, '000001', 'Iris', '2018-07-14', '17:49:13', NULL, NULL),
('5b49c8eb43', 0, '000051', 'Iris', '2018-07-14', '17:56:59', NULL, NULL),
('5b49c8fcaf', 0, '000051', 'Iris', '2018-07-14', '17:57:16', NULL, NULL),
('5b49cfc0f3', 0, '000040', 'Iris', '2018-07-14', '18:26:08', NULL, NULL),
('5b49d58973', 0, '000017', 'Iris', '2018-07-14', '18:50:49', NULL, NULL),
('5b49d7afd2', 0, '000052', 'Iris', '2018-07-14', '18:59:59', NULL, NULL),
('5b49e0056e', 0, '000015', 'Iris', '2018-07-14', '19:35:33', NULL, NULL),
('5b49e06109', 0, '000037', 'Iris', '2018-07-14', '19:37:05', NULL, NULL),
('5b49e33d5e', 0, '000007', 'Iris', '2018-07-14', '19:49:17', NULL, NULL),
('5b49e5d356', 0, '000047', 'Iris', '2018-07-14', '20:00:19', NULL, NULL),
('5b49e5d35b', 0, '000047', 'Iris', '2018-07-14', '20:00:19', NULL, NULL),
('5b49e5d888', 0, '000045', 'Iris', '2018-07-14', '20:00:24', NULL, NULL),
('5b49e5e142', 0, '000045', 'Iris', '2018-07-14', '20:00:33', NULL, NULL),
('5b49ee3482', 0, '000013', 'Iris', '2018-07-14', '20:36:04', NULL, NULL),
('5b49fcb4d0', 0, '000022', 'Iris', '2018-07-14', '21:37:56', NULL, NULL);

-- --------------------------------------------------------

--
-- 表的结构 `login_history`
--

DROP TABLE IF EXISTS `login_history`;
CREATE TABLE IF NOT EXISTS `login_history` (
  `id` varchar(10) COLLATE utf8_unicode_ci NOT NULL COMMENT 'id',
  `web` int(2) NOT NULL COMMENT '網頁(0=前台;1=後台)',
  `who` varchar(10) COLLATE utf8_unicode_ci NOT NULL COMMENT '誰登入(連接staff id)',
  `sign_in_date` date DEFAULT NULL COMMENT '登入日期',
  `sign_in_time` time DEFAULT NULL COMMENT '登入時間',
  PRIMARY KEY (`id`),
  KEY `staff_id` (`who`)
) ENGINE=MyISAM DEFAULT CHARSET=utf8 COLLATE=utf8_unicode_ci COMMENT='登入紀錄';

--
-- 转存表中的数据 `login_history`
--

INSERT INTO `login_history` (`id`, `web`, `who`, `sign_in_date`, `sign_in_time`) VALUES
('5b399ce3cf', 0, '123', '2018-07-02', '11:32:51'),
('5b39a2bae0', 0, '456', '2018-07-02', '11:57:46'),
('5b39a48984', 0, '456', '2018-07-02', '12:05:29'),
('5b39a72d0a', 0, '456', '2018-07-02', '12:16:45'),
('5b39c5d8a8', 0, '123', '2018-07-02', '14:27:36'),
('5b39c6081b', 0, '456', '2018-07-02', '14:28:24'),
('5b39c64844', 0, '456', '2018-07-02', '14:29:28'),
('5b39c64de2', 0, '123', '2018-07-02', '14:29:33'),
('5b39c66e6a', 0, '123', '2018-07-02', '14:30:06'),
('5b39c6768c', 0, '456', '2018-07-02', '14:30:14'),
('5b39c6ba44', 0, '123', '2018-07-02', '14:31:22'),
('5b39c6d507', 0, '789', '2018-07-02', '14:31:49'),
('5b39c86915', 0, '789', '2018-07-02', '14:38:33'),
('5b39cd5265', 0, 'JD', '2018-07-02', '14:59:30'),
('5b39d4a44e', 0, 'Iris', '2018-07-02', '15:30:44'),
('5b39d647ad', 0, 'Iris', '2018-07-02', '15:37:43'),
('5b39d69826', 0, 'JD', '2018-07-02', '15:39:04'),
('5b39d6aa00', 0, 'Iris', '2018-07-02', '15:39:22'),
('5b39d6bb5e', 0, 'JD', '2018-07-02', '15:39:39'),
('5b39db8737', 0, '90218104', '2018-07-02', '16:00:07'),
('5b39dd018b', 0, 'Iris', '2018-07-02', '16:06:25'),
('5b3a299bb7', 0, 'JD', '2018-07-02', '21:33:15'),
('5b3a2bb39e', 0, 'Iris', '2018-07-02', '21:42:11'),
('5b3a632224', 0, 'Iris', '2018-07-03', '01:38:42'),
('5b3a63501c', 0, 'Iris', '2018-07-03', '01:39:28'),
('5b3ac8eaf2', 0, '90218104', '2018-07-03', '08:52:58'),
('5b3aee37df', 0, 'Iris', '2018-07-03', '11:32:07'),
('5b3b5380ea', 0, 'Iris', '2018-07-03', '18:44:16'),
('5b3b7e40b3', 0, 'Iris', '2018-07-03', '21:46:40'),
('5b3c3eb563', 0, 'Iris', '2018-07-04', '11:27:49'),
('5b3cc6933c', 0, '90218104', '2018-07-04', '21:07:31'),
('5b3cc9fa6c', 0, '90218104', '2018-07-04', '21:22:02'),
('5b3ccb6b40', 0, 'Iris', '2018-07-04', '21:28:11'),
('5b3ce8c671', 0, '90218104', '2018-07-04', '23:33:26'),
('5b3cf1aa20', 0, '90218104', '2018-07-05', '00:11:22'),
('5b3cfd2408', 0, 'Iris', '2018-07-05', '01:00:20'),
('5b3cfe3b26', 0, 'Iris', '2018-07-05', '01:04:59'),
('5b3cfe3bea', 0, 'Iris', '2018-07-05', '01:04:59'),
('5b3d53db49', 0, '90218104', '2018-07-05', '07:10:19'),
('5b3d6be747', 0, '90218104', '2018-07-05', '08:52:55'),
('5b3d9a9363', 0, 'Iris', '2018-07-05', '12:12:03'),
('5b3df8c897', 0, 'Iris', '2018-07-05', '18:54:00'),
('5b3e9ac2a9', 0, '90218104', '2018-07-06', '06:25:06'),
('5b3edd5331', 0, 'Iris', '2018-07-06', '11:09:07'),
('5b3ef00954', 0, 'JD', '2018-07-06', '12:28:57'),
('5b3ef0ea18', 0, 'Iris', '2018-07-06', '12:32:42'),
('5b3f1b0846', 0, 'Iris', '2018-07-06', '15:32:24'),
('5b3f52b2ac', 0, 'Iris', '2018-07-06', '19:29:54'),
('5b3f71c62a', 0, 'Iris', '2018-07-06', '21:42:30'),
('5b4016689f', 0, 'Iris', '2018-07-07', '09:24:56'),
('5b4016bdd0', 0, 'Iris', '2018-07-07', '09:26:21'),
('5b4016f61d', 0, 'Iris', '2018-07-07', '09:27:18'),
('5b40171c41', 0, 'zack', '2018-07-07', '09:27:56'),
('5b40174aeb', 0, 'zack', '2018-07-07', '09:28:42'),
('5b401e6693', 0, 'zack', '2018-07-07', '09:59:02'),
('5b403b0256', 0, 'zack', '2018-07-07', '12:01:06'),
('5b405945d5', 0, 'JD', '2018-07-07', '14:10:13'),
('5b40910dcb', 0, 'Iris', '2018-07-07', '18:08:13'),
('5b4091304b', 0, 'Iris', '2018-07-07', '18:08:48'),
('5b40b22735', 0, 'JD', '2018-07-07', '20:29:27'),
('5b416decd4', 0, 'JD', '2018-07-08', '09:50:36'),
('5b419378b5', 0, 'JD', '2018-07-08', '12:30:48'),
('5b41ab10af', 0, 'Iris', '2018-07-08', '14:11:28'),
('5b41b22094', 0, 'Iris', '2018-07-08', '14:41:36'),
('5b4218f864', 0, '90218104', '2018-07-08', '22:00:24'),
('5b42405287', 0, '90218104', '2018-07-09', '00:48:18'),
('5b4242a96f', 0, '90218104', '2018-07-09', '00:58:17'),
('5b42496d05', 0, '90218104', '2018-07-09', '01:27:09'),
('5b424a672e', 0, '90218104', '2018-07-09', '01:31:19'),
('5b42da14e8', 0, 'Iris', '2018-07-09', '11:44:20'),
('5b42fe058b', 0, 'Iris', '2018-07-09', '14:17:41'),
('5b43856152', 0, '90218104', '2018-07-09', '23:55:13'),
('5b441426f1', 0, 'Iris', '2018-07-10', '10:04:22'),
('5b44471ec9', 0, 'Iris', '2018-07-10', '13:41:50'),
('5b444f3d4f', 0, 'Iris', '2018-07-10', '14:16:29'),
('5b449bdc07', 0, 'Iris', '2018-07-10', '19:43:24'),
('5b44ae0dd1', 0, '90218104', '2018-07-10', '21:01:01'),
('5b4566ae80', 0, 'Iris', '2018-07-11', '10:08:46'),
('5b4599cb54', 0, 'Iris', '2018-07-11', '13:46:51'),
('5b45a21709', 0, 'Iris', '2018-07-11', '14:22:15'),
('5b45a22c2d', 0, 'Iris', '2018-07-11', '14:22:36'),
('5b45af87da', 0, 'Iris', '2018-07-11', '15:19:35'),
('5b45ba1ab4', 0, 'Iris', '2018-07-11', '16:04:42'),
('5b45c9ed5a', 0, 'Iris', '2018-07-11', '17:12:13'),
('5b45d995cc', 0, 'JD', '2018-07-11', '18:19:01'),
('5b45f1640d', 0, 'Iris', '2018-07-11', '20:00:36'),
('5b46252f4b', 0, '90218104', '2018-07-11', '23:41:35'),
('5b46b86ae6', 0, 'Iris', '2018-07-12', '10:09:46'),
('5b46b8cd7d', 0, 'Iris', '2018-07-12', '10:11:25'),
('5b46e79522', 0, 'JD', '2018-07-12', '13:31:01'),
('5b46f29476', 0, 'JD', '2018-07-12', '14:17:56'),
('5b47154962', 0, 'Iris', '2018-07-12', '16:46:01'),
('5b4727faca', 0, 'Iris', '2018-07-12', '18:05:46'),
('5b472d3997', 0, 'Iris', '2018-07-12', '18:28:09'),
('5b4766c99e', 0, 'Iris', '2018-07-12', '22:33:45'),
('5b47670282', 0, 'zack', '2018-07-12', '22:34:42'),
('5b4842674e', 0, 'Iris', '2018-07-13', '14:10:47'),
('5b485e6bf1', 0, 'JD', '2018-07-13', '16:10:19'),
('5b486db983', 0, 'Iris', '2018-07-13', '17:15:37'),
('5b4871dbcb', 0, 'zack', '2018-07-13', '17:33:15'),
('5b48b279e7', 0, 'Iris', '2018-07-13', '22:08:57'),
('5b48b3ea7c', 0, 'Iris', '2018-07-13', '22:15:06'),
('5b495bdba2', 0, 'Iris', '2018-07-14', '10:11:39'),
('5b49a68d2e', 0, 'Iris', '2018-07-14', '15:30:21'),
('5b49b521b5', 0, 'Iris', '2018-07-14', '16:32:33');

-- --------------------------------------------------------

--
-- 表的结构 `member`
--

DROP TABLE IF EXISTS `member`;
CREATE TABLE IF NOT EXISTS `member` (
  `card_id` varchar(10) COLLATE utf8_unicode_ci NOT NULL COMMENT '卡片ID',
  `pics` longtext COLLATE utf8_unicode_ci COMMENT '照片',
  `name` varchar(10) COLLATE utf8_unicode_ci NOT NULL COMMENT '姓名',
  `identity_card` varchar(10) COLLATE utf8_unicode_ci DEFAULT NULL COMMENT '身分證',
  `birthday` date DEFAULT '0000-00-00' COMMENT '生日',
  `phone` varchar(15) COLLATE utf8_unicode_ci DEFAULT NULL COMMENT '手機',
  `email` varchar(20) COLLATE utf8_unicode_ci DEFAULT NULL COMMENT '信箱',
  `address` text COLLATE utf8_unicode_ci COMMENT '地址',
  `emergency_contact` varchar(10) COLLATE utf8_unicode_ci NOT NULL COMMENT '緊急聯絡人',
  `emergency_phone` varchar(15) COLLATE utf8_unicode_ci NOT NULL COMMENT '緊急聯絡人手機',
  `start_contract` date DEFAULT NULL COMMENT '合約開始日',
  `end_contract` date DEFAULT NULL COMMENT '合約結束日',
  `next_pay` date NOT NULL COMMENT '下次繳款日',
  `dp_id` varchar(20) COLLATE utf8_unicode_ci NOT NULL COMMENT '優惠方案id',
  `number` int(5) DEFAULT NULL COMMENT '會籍數字(1-9)',
  `categorys` varchar(10) COLLATE utf8_unicode_ci DEFAULT NULL COMMENT '會籍類型(年、月)',
  `price` int(10) NOT NULL COMMENT '會籍價位',
  `who` varchar(10) COLLATE utf8_unicode_ci DEFAULT NULL COMMENT '哪位員工處理(連結staff job_code)',
  `note` longtext COLLATE utf8_unicode_ci COMMENT '備註',
  `join_date` date DEFAULT NULL COMMENT '加入日期',
  `join_time` time DEFAULT NULL COMMENT '加入時間',
  `up_date` date DEFAULT NULL COMMENT '更新日期',
  `up_time` time DEFAULT NULL COMMENT '更新時間',
  PRIMARY KEY (`card_id`),
  KEY `staff_id2` (`who`)
) ENGINE=MyISAM DEFAULT CHARSET=utf8 COLLATE=utf8_unicode_ci COMMENT='會員';

--
-- 转存表中的数据 `member`
--

INSERT INTO `member` (`card_id`, `pics`, `name`, `identity_card`, `birthday`, `phone`, `email`, `address`, `emergency_contact`, `emergency_phone`, `start_contract`, `end_contract`, `next_pay`, `dp_id`, `number`, `categorys`, `price`, `who`, `note`, `join_date`, `join_time`, `up_date`, `up_time`) VALUES
('000001', '20180705121653.jpg', '任振傑', 'T124238058', '1996-10-16', '(09) 03-561-110', 's15114135@stu.edu.tw', '高雄市三民區義明街15號15樓', '父親', '(09) 32-158-347', '2018-04-25', '2019-07-24', '2018-07-24', '5b2a7ba7ea', 1, '年', 0, 'Iris', '', '2018-07-02', '15:20:24', '2018-07-05', '19:30:48'),
('000003', '20180713221902.jpg', '張庭維', 'E124831502', '1995-04-29', '(09) 78-325-308', 'ares840429@gmail.com', '高雄市', '無', '(09) 78-325-308', '2018-05-01', '2019-08-01', '2018-08-01', '5b2a7ba7ea', 1, '年', 990, 'Iris', '12+2+1：學生+第一周入會', '2018-07-02', '15:53:00', '2018-07-13', '22:19:02'),
('000004', '20180713222947.jpg', '陳毅華', 'A127921107', '1996-05-24', '(09) 55-910-221', 'gcobc850524@gmail.co', '高雄市三民區義明街13-1，12樓', '無', '(09) 55-910-221', '2018-04-26', '2019-04-25', '2018-07-25', '5b2a7ba7ea', 1, '年', 0, 'Iris', '', '2018-07-02', '16:05:43', '2018-07-13', '22:29:49'),
('000005', '20180703143929.jpg', '柳宗甫', 'V121461208', '1994-04-21', '(09) 12-425-669', 't342255@yahoo.com.tw', '台東市正北路799巷6號', '無', '(09) 12-425-669', '2018-05-01', '2019-04-30', '2018-07-30', '5b2a7ba7ea', 1, '年', 0, 'Iris', '', '2018-07-03', '14:39:29', '2018-07-06', '17:26:25'),
('000006', '20180702161955', '葉智誼', 'E224265215', '1991-01-09', '(09) 66-111-322', '', '高雄市苓雅區文山路102號4F', '無', '(09) 56-308-020', '2018-05-01', '2019-04-30', '2018-06-30', '5b2a7ba7ea', 1, '年', 0, 'Iris', '', '2018-07-02', '16:19:55', '2018-07-05', '19:15:33'),
('000007', '20180703143406.jpg', '蔡慶鐘', 'E122349109', '1977-08-12', '(09) 31-898-914', '', '高雄市左營區曾子路535號18F-1', '無', '(09) 31-898-914', '2018-05-01', '2019-05-30', '2018-08-30', '5b2a7ba7ea', 1, '年', 0, 'Iris', '', '2018-07-03', '14:34:06', '2018-07-06', '20:11:51'),
('000008', '20180702164401.jpg', '許孚嘉', 'E126098443', '2004-06-03', '(09) 18-832-622', '', '高雄市鼓山區裕國街147號3樓', '無', '(09) 18-832-622', '2018-05-01', '2019-07-30', '2018-09-01', '5b2a7ba7ea', 1, '年', 990, 'Iris', '12+2：學生(請假8/1-9/1）', '2018-07-02', '16:44:01', '2018-07-10', '18:16:01'),
('000009', '20180702165823', '羅淑友', 'E124043324', '1988-03-18', '(09) 16-318-358', '', '高雄市三民區大豐路487巷7號', '無', '(09) 16-318-358', '2018-05-01', '2019-04-30', '2018-08-01', '5b2a7ba7ea', 1, '年', 0, 'Iris', '', '2018-07-02', '16:58:23', '2018-07-05', '20:25:19'),
('000010', '20180702183618', '宋兆軒', 'F130620598', '1999-09-24', '(09) 78-320-980', 'josephsung2015@gmail', '高雄市鼓山區文信路348號2F', '無', '(09) 78-320-980', '2018-05-01', '2019-06-30', '2018-07-30', '5b2a7ba7ea', 1, '年', 0, 'Iris', '', '2018-07-02', '18:36:18', '2018-07-06', '20:18:16'),
('000011', '20180711202238.jpg', '高紹倫', 'E126015542', '2004-04-21', '(09) 85-088-467', 'r220605@yahoo.com.tw', '高雄市鼓山區昌盛路391號10樓', '無', '(09) 75-323-632', '2018-05-03', '2019-07-02', '2018-08-02', '5b2a7ba7ea', 1, '年', 0, 'Iris', '12+2：學生', '2018-07-02', '18:41:33', '2018-07-11', '20:22:38'),
('000012', '20180705203710.jpg', '許維元', 'E123501229', '1983-06-25', '(09) 37-554-561', 'mcicepeace@gmail.com', '無', '無', '(09) 37-554-561', '2018-05-04', '2019-08-03', '2018-09-03', '5b2a7ba7ea', 1, '年', 990, 'Iris', '12+2:携帶原健卡', '2018-07-02', '18:52:09', '2018-07-10', '18:16:50'),
('000013', '20180713172626.jpg', '吳政賢', 'H122889996', '1983-08-12', '(09) 38-985-038', '', '無', '無', '(09) 38-985-038', '2018-06-04', '2019-06-03', '2018-08-03', '5b2a7ba7ea', 1, '年', 0, 'Iris', '', '2018-07-02', '18:55:34', '2018-07-13', '17:26:26'),
('000014', '20180705195227.jpg', '陳烔彣', 'R122860872', '1981-06-12', '(09) 27-562-907', '', '高雄市楠梓區樂群路203-2', '無', '(09) 33-270-584', '2018-05-06', '2019-07-05', '2018-08-05', '5b2a7ba7ea', 1, '年', 0, 'Iris', '12+2:携帶原健卡', '2018-07-02', '18:58:13', '2018-07-05', '19:53:53'),
('000015', '20180705210750.jpg', '邱智偉', 'E124941183', '1998-11-18', '(09) 85-091-096', 'chiou871118@gmail.co', '高雄市鼓山區中華一路351號', '無', '(09) 36-818-096', '2018-05-07', '2019-05-06', '2018-08-06', '5b2a7ba7ea', 1, '年', 0, 'Iris', '', '2018-07-02', '19:04:22', '2018-07-06', '16:11:28'),
('000016', '20180705194820.jpg', '陳映瑄', 'E224715176', '1996-01-04', '(09) 02-462-374', 'ellen8514@gmail.com', '高雄市左營區至聖路235號', '無', '(09) 02-462-374', '2018-05-08', '2018-09-07', '2018-09-07', '', 4, '月', 0, 'Iris', '', '2018-07-02', '19:07:34', '2018-07-05', '19:48:20'),
('000017', '20180705215932.jpg', '陳冠伍', 'K122622126', '1995-04-12', '(09) 87-173-566', 'a0922471425@gmail.co', '無', '無', '(09) 87-173-56_', '2018-06-25', '2018-07-25', '2018-07-25', '', 1, '月', 0, 'Iris', '', '2018-07-02', '19:15:05', '2018-07-05', '21:59:32'),
('000018', '20180705201537.jpg', '歐松賢', 'E125358342', '1999-03-13', '(09) 22-676-783', 'yezzystyle@gmail.com', '無', '無', '(09) 22-676-783', '2018-06-25', '2019-08-25', '2018-08-25', '5b2a7ba7ea', 1, '年', 0, 'Iris', '12+2：學生', '2018-07-02', '21:09:20', '2018-07-05', '20:32:08'),
('000019', '20180702212049', '王疇驊', 'A126502055', '1989-07-24', '(09) 39-619-519', 'rinduyue0724@gmail.c', '高雄市美濃區中山路二段730號', '無', '(09) 39-619-519', '2018-05-17', '2019-05-16', '2018-07-16', '5b2a7ba7ea', 1, '年', 0, 'Iris', '10+2:兩人同行', '2018-07-02', '21:20:49', '2018-07-05', '21:09:05'),
('000020', '20180702212842', '王上文', 'N124024183', '1982-03-27', '(09) 13-731-953', 'a0913731953@gmail.co', '高雄市文忠路66號15F-1', '無', '(09) 13-731-953', '2018-05-17', '2019-05-16', '2018-07-16', '5b2a7ba7ea', 1, '年', 0, 'Iris', '10+2:兩人同行', '2018-07-02', '21:28:42', '2018-07-05', '21:09:38'),
('000021', '20180702213059', '張軒銘', 'E122823806', '1979-10-03', '(09) 11-714-623', '', '高雄市三民區鼎金後路23巷8號', '無', '(09) 11-648-989', '2018-05-18', '2019-07-17', '2018-07-17', '', 1, '月', 0, 'Iris', '12+2:携帶原健卡', '2018-07-02', '21:30:59', '2018-07-05', '21:10:46'),
('000022', '20180708155659.jpg', '秦德明', 'EC30033596', '1987-05-12', '(09) 75-755-942', '', '高雄市鼓山區明華路277號12樓', '無', '(09) 75-755-942', '2018-06-22', '2019-06-22', '2018-08-22', '5b2a7ba7ea', 1, '年', 0, 'Iris', '', '2018-07-02', '21:45:49', '2018-07-08', '15:56:59'),
('000023', '20180702214914', '鐘育主', 'E125421224', '1999-03-11', '(09) 03-380-311', 'a0903380311@gmail.co', '高雄市左營區立信路89號', '鐘居安', '(09) 03-380-311', '2018-05-21', '2019-07-20', '2018-07-20', '5b2a7ba7ea', 1, '年', 0, 'Iris', '12+2：學生', '2018-07-02', '21:49:14', '2018-07-05', '21:14:20'),
('000024', '20180706201959.jpg', '陳嘉安', 'E224510671', '1994-11-08', '(09) 32-894-976', 'ann19941108@gmail.co', '高雄市左營區明華一路275號14F之3', '陳元愷', '(09) 37-628-571', '2018-05-27', '2019-07-26', '2018-07-26', '5b2a7ba7ea', 1, '年', 0, 'Iris', '', '2018-07-02', '21:55:41', '2018-07-06', '20:19:59'),
('000025', '20180702215734', '萬晉銘', 'S124546241', '1995-01-07', '(09) 31-950-107', 'jacobwan1111@gmail.c', '高雄市左營區明華一路275號14F之3', '盛美玉', '(09) 31-950-107', '2018-05-27', '2019-07-26', '2018-07-26', '5b2a7ba7ea', 1, '年', 0, 'Iris', '10+2+2：兩人同學+學生', '2018-07-02', '21:57:34', '2018-07-05', '21:16:08'),
('000026', '20180705211728.jpg', '李叡', 'EC01014265', '1999-05-08', '(09) 32-859-000', '', '無', '無', '(09) 23-859-000', '2018-06-04', '2018-08-03', '2018-08-03', '5b39cdc6db', 2, '月', 256, 'Iris', '', '2018-07-03', '13:04:16', '2018-07-10', '14:17:26'),
('000057', '20180713220327', '曾智揚', 'T124317689', '1996-01-09', '(09) 78-310-617', 'highap100@yahoo.com', '高雄市三民區立志街31巷21-6', '無', '(09) 37-373-750', '2018-07-13', '2018-08-13', '2018-08-13', '5b27d221d6', 1, '月', 1280, 'zack', '', '2018-07-13', '22:03:27', NULL, NULL),
('000028', '20180709212419.jpg', '陳賢福', 'E120572397', '1975-02-27', '(09) 25-836-985', '', '高雄市左營區文莊路61號3F', '無', '(09) 25-836-985', '2018-06-05', '2019-06-04', '2018-08-04', '5b2a7ba7ea', 1, '年', 0, 'Iris', '', '2018-07-03', '13:09:44', '2018-07-09', '21:24:19'),
('000029', '20180709205814.jpg', '陶冠宇', 'A129508826', '1991-01-20', '(09) 75-775-817', 'tao1533@gmail.com', '高雄市三民區大豐一路23號5樓', '無', '(09) 22-189-288', '2018-06-05', '2019-06-04', '2018-08-04', '5b2a7ba7ea', 1, '年', 0, 'Iris', '', '2018-07-03', '13:11:19', '2018-07-09', '20:58:14'),
('000031', '20180705212959.jpg', '錢正睿', 'E123195570', '1982-06-29', '(09) 05-312-878', 'money0629@gmail.com', '高雄市楠梓區和元街55號', '無', '(09) 55-341-036', '2018-07-15', '2019-01-15', '2018-08-15', '5b45a65d35163', 6, '月', 1280, 'Iris', '', '2018-07-03', '13:15:08', '2018-07-13', '14:13:03'),
('000032', '20180703131835.jpg', '吳瑞祥', 'E124687782', '1995-01-17', '(09) 86-838-163', 'jonathan840117@gmail', '高雄市左營區南屏路328-8F', '無', '(09) 86-838-163', '2018-06-25', '2018-07-24', '2018-07-24', '', 1, '月', 0, 'Iris', '', '2018-07-03', '13:18:35', '2018-07-05', '21:33:49'),
('000033', '20180703132029', '李祥智Ryan', '無', '2002-07-16', '(09) 86-386-070', '', '無', '蔣佳妙', '(09) 86-386-070', '2018-06-25', '2018-07-24', '2018-07-24', '', 1, '月', 0, 'Iris', '', '2018-07-03', '13:20:29', '2018-07-06', '14:40:49'),
('000034', '20180706160950.jpg', '李祥銘Brandon', '無', '1999-09-11', '(09) 86-386-070', '', '無', '蔣佳妙', '(09) 86-386-070', '2018-06-25', '2018-07-24', '2018-07-24', '', 1, '月', 0, 'Iris', '', '2018-07-03', '13:21:45', '2018-07-06', '16:09:50'),
('000035', '20180703132645', '許庭愷', 'S123899896', '1994-09-21', '(09) 26-120-750', 'woody830921@gmail.co', '無', '無', '(09) 26-120-750', '2018-06-27', '2018-07-27', '2018-07-27', '', 1, '月', 0, 'Iris', '', '2018-07-03', '13:26:45', '2018-07-06', '14:39:14'),
('000036', '20180711202319.jpg', '閻璇', 'F226347015', '1985-08-06', '(09) 22-222-554', 'inesyeno0806@gmail.c', '無', '鄭X桂', '(09) 22-222-554', '2018-06-27', '2018-07-27', '2018-07-27', '', 1, '月', 0, 'Iris', '', '2018-07-03', '13:53:09', '2018-07-11', '20:23:19'),
('000037', '20180705201121.jpg', 'David Nich', 'PC00948868', '1989-08-30', '(09) 83-953-454', 'a0983953454@gmail.co', '無', 'Vanessa Ho', '(09) 83-953-454', '2018-06-27', '2019-06-26', '2018-08-26', '5b2a7ba7ea', 1, '年', 0, 'Iris', '', '2018-07-03', '13:57:20', '2018-07-05', '22:03:11'),
('000038', '20180703135934.jpg', '高英豪', 'S123974330', '1994-12-12', '(09) 03-339-810', 'cherrykaodearbaby@gm', '無', '無', '(09) 03-339-810', '2018-06-28', '2018-07-28', '2018-07-28', '', 1, '月', 0, 'Iris', '', '2018-07-03', '13:59:34', '2018-07-06', '14:37:40'),
('000039', '20180706143613.jpg', '邱毓修', 'T124018458', '1991-04-14', '(09) 18-793-718', 'wikolpqa@gmail.com', '無', '呂媚智', '(09) 18-793-718', '2018-06-28', '2019-06-27', '2018-08-27', '5b2a7ba7ea', 1, '年', 0, 'Iris', '', '2018-07-03', '14:06:22', '2018-07-06', '14:36:13'),
('000040', '20180706143225.jpg', '朱達瑜', 'E124487880', '1992-11-14', '(09) 29-779-669', 'p2241407@gahov.comtw', '無', '蔡珉宸', '(09) 29-779-669', '2018-06-28', '2018-07-28', '2018-07-28', '', 1, '月', 0, 'Iris', '', '2018-07-03', '14:07:42', '2018-07-06', '14:32:25'),
('000041', '20180706142955.jpg', '吳堃瑋', 'E126012201', '2004-02-19', '(09) 31-276-963', 'mono930219@gmail.com', '高雄市大順一路1041巷11號15樓', '無', '(09) 31-276-963', '2018-06-28', '2018-07-28', '2018-07-28', '', 1, '月', 0, 'Iris', '', '2018-07-03', '14:09:04', '2018-07-06', '14:29:55'),
('000042', '20180706142851.jpg', '葉明暿 ', 'S124188918', '1996-01-02', '(09) 32-813-210', 'naruto110198@gmail.c', '高雄市梓官區典寳里大舍南路379號', '曾麗云', '(09) 32-813-210', '2018-06-30', '2018-08-30', '2018-08-30', '5b39cdc6db', 2, '月', 0, 'Iris', '', '2018-07-03', '14:10:59', '2018-07-06', '14:28:51'),
('000043', '20180703141511.jpg', '藍法偉', 'T123251879', '1983-02-03', '(09) 70-628-043', 'jaway9999@hotmail.co', '無', '藍鵬飛', '(09) 70-628-043', '2018-06-30', '2018-08-30', '2018-08-30', '5b39cdc6db', 2, '月', 0, 'Iris', '', '2018-07-03', '14:15:11', '2018-07-06', '14:27:36'),
('000044', '20180706142536.jpg', '梁智瑜', 'E26000103', '2002-12-26', '(09) 11-156-799', '21960473@gmail.com', '無', '無', '(09) 11-156-799', '2018-07-02', '2018-08-02', '0000-00-00', '', 1, '月', 0, 'Iris', '', '2018-07-03', '14:17:19', '2018-07-06', '14:25:36'),
('000045', '20180703142210.jpg', '陳育杉', 'E125435700', '1998-12-10', '(09) 70-221-210', 'ben5700@ggmail.com', '高雄市三民區龍江街71號', '無', '(09) 70-221-210', '2018-07-01', '2018-08-01', '2018-08-01', '', 1, '月', 0, 'Iris', '', '2018-07-03', '14:22:10', '2018-07-06', '14:23:17'),
('000046', '20180706142603.jpg', '龔猷勵', 'D122793053', '1994-08-15', '(09) 87-789-616', '', '高雄市三民區閎原街六巷1號', '龔柏霖', '(09) 87-789-616', '2018-07-02', '2018-09-02', '0000-00-00', '5b2a7ba7ea', 1, '年', 0, 'Iris', '送2個月：原健卡', '2018-07-03', '14:25:17', '2018-07-06', '14:26:03'),
('000047', '20180703142830.jpg', '卓峻宏', 'E125347152', '1998-12-16', '(09) 84-364-578', '', '高雄市三民區博愛一路184號', '彭淑珍', '(09) 84-364-578', '2018-07-03', '2018-08-08', '2018-08-08', '', 1, '月', 0, 'Iris', '', '2018-07-03', '14:28:30', '2018-07-06', '14:10:27'),
('000048', '20180703184901.jpg', '洪振瑋', 'S125071092', '1996-12-26', '(09) 12-707-829', '', '無', '吳美玲', '(09) 75-751-919', '2018-07-03', '2018-08-02', '2018-08-02', '', 1, '月', 0, 'Iris', '', '2018-07-03', '18:49:01', '2018-07-06', '14:22:50'),
('000049', '20180706142207.jpg', '盧啟洋', 'R124808067', '1999-06-01', '(09) 32-891-237', 's758166797@gmail.com', '高雄市左營區新莊仔路65-5號', '呂淑芬', '(09) 19-103-846', '2018-07-04', '2018-08-04', '2018-08-04', '', 1, '月', 0, 'Iris', '', '2018-07-04', '11:34:16', '2018-07-06', '14:22:27'),
('000050', '20180706213401.jpg', '余敏榮（阿榮）', 'E124325821', '1993-10-02', '(09) 60-910-027', '', '高雄市苓雅區三多一路167號', '無', '(09) 60-910-027', '2018-07-05', '2018-08-04', '2018-08-04', '', 1, '月', 0, 'JD', '', '2018-07-05', '19:05:05', '2018-07-07', '20:34:28'),
('000051', '20180706142103.jpg', '侯凱仁（教練）', 'Q123404091', '1989-06-11', '(09) 55-093-592', '', '無', '無', '(09) 55-093-592', '2018-07-05', '2019-07-04', '2018-09-05', '5b2a7ba7ea', 1, '年', 0, 'Iris', '', '2018-07-05', '19:06:31', '2018-07-06', '15:32:57'),
('000052', '20180706141924.jpg', '陳十元', 'E124252949', '1989-08-03', '(09) 83-883-388', 'qli88168@yahoo.com.t', '無', '無', '(09) 83-883-388', '2018-07-05', '2019-07-04', '2018-09-05', '5b2a7ba7ea', 1, '年', 0, 'Iris', '', '2018-07-05', '19:08:07', '2018-07-06', '14:19:24'),
('000053', '20180709123854.jpg', '古如婷', 'B222283079', '1999-03-23', '(09) 65-439-668', 'judy000023@gmail.com', '臺中市東區十甲路439號', '0934185335', '(09) 34-185-335', '2018-07-09', '2018-09-09', '2018-09-09', '5b39cdc6db', 2, '月', 256, 'Iris', '', '2018-07-09', '11:52:45', '2018-07-09', '12:38:54'),
('000054', '20180709194825.jpg', '林·崇安', 'S124877894', '1995-08-30', '(09) 70-795-125', '', '高雄市前金區自强三路229號', '丘曉云', '(09) 39-185-265', '2018-07-09', '2018-08-09', '2018-08-09', '5b27d221d6', 1, '月', 0, 'Iris', '', '2018-07-09', '19:48:25', NULL, NULL),
('000055', '20180711210611.jpg', '何林昊', 'T124117376', '1993-02-04', '(09) 31-033-907', 'a8752242@gmail.com', '無', '何梗成', '(09) 26-108-528', '2018-07-10', '2019-09-11', '2018-09-10', '5b2a7ba7ea', 1, '年', 990, 'Iris', '送2個月：原健卡', '2018-07-11', '11:29:30', '2018-07-11', '21:06:11'),
('000056', '20180711201933.jpg', '邱詠哲', 'T124480712', '1999-02-26', '(09) 88-376-880', 'a0988376880@gmail.co', '高雄市仁武區八德西路228號', '邱建隆', '(09) 32-781-335', '2018-07-11', '2019-09-11', '2018-09-11', '5b2a7ba7ea', 1, '年', 990, 'Iris', '12+2：送2個月學生', '2018-07-11', '20:19:33', NULL, NULL),
('000058', '20180713220757', '陳建宇', 'S124893718', '1995-10-22', '(09) 27-191-022', 'sone030925@gmail.com', '高雄市鳳山區錦田路60號', '無', '(07) 81-131-86_', '2018-07-13', '2018-08-13', '2018-08-13', '5b27d221d6', 1, '月', 1280, 'zack', '', '2018-07-13', '22:07:57', NULL, NULL);

-- --------------------------------------------------------

--
-- 表的结构 `staff`
--

DROP TABLE IF EXISTS `staff`;
CREATE TABLE IF NOT EXISTS `staff` (
  `id` varchar(10) COLLATE utf8_unicode_ci NOT NULL COMMENT 'id',
  `job_code` varchar(100) COLLATE utf8_unicode_ci NOT NULL COMMENT '職編',
  `staff_name` varchar(10) COLLATE utf8_unicode_ci NOT NULL COMMENT '姓名',
  `password` varchar(100) COLLATE utf8_unicode_ci NOT NULL COMMENT '密碼',
  `birthday` date NOT NULL COMMENT '生日',
  `phone` varchar(15) COLLATE utf8_unicode_ci NOT NULL COMMENT '手機',
  `identity` int(5) NOT NULL COMMENT '身分(0=boss、1=staff、99=admin)',
  `address` text COLLATE utf8_unicode_ci COMMENT '地址',
  `emergency_contact` varchar(10) COLLATE utf8_unicode_ci DEFAULT NULL COMMENT '緊急聯絡人',
  `emergency_phone` varchar(15) COLLATE utf8_unicode_ci DEFAULT NULL COMMENT '聯絡人電話',
  `up_date` date DEFAULT NULL COMMENT '更改日期',
  `up_time` time DEFAULT NULL COMMENT '更改時間',
  `join_date` date NOT NULL COMMENT '加入日期',
  `join_time` time NOT NULL COMMENT '加入時間',
  PRIMARY KEY (`id`,`job_code`),
  KEY `name` (`staff_name`)
) ENGINE=MyISAM DEFAULT CHARSET=utf8 COLLATE=utf8_unicode_ci COMMENT='員工';

--
-- 转存表中的数据 `staff`
--

INSERT INTO `staff` (`id`, `job_code`, `staff_name`, `password`, `birthday`, `phone`, `identity`, `address`, `emergency_contact`, `emergency_phone`, `up_date`, `up_time`, `join_date`, `join_time`) VALUES
('5b27c96eda', '90218104', '蘇', '96c96f3cadc4c4012a02ebb06431bfda75739779', '1994-09-15', '(09) 06-405-019', 99, '1', '', '', '2018-07-01', '09:02:20', '2018-06-18', '23:02:06'),
('5b2a665a85', 'JD', 'JD', '4963f78bd636abd7d01ffeead5130a0959f20ea9', '1995-10-27', '(09) 06-117-906', 0, '屏東市大洲里65號', 'wu', '(09) 06-118-906', '2018-07-02', '15:38:44', '2018-06-20', '22:36:10'),
('5b39d44532', 'Iris', 'Iris', '810f73923df0d35d456549c876840dbf72feeea0', '1996-10-03', '(09) 06-117-906', 0, '高雄市', 'JD', '(09) 06-118-906', '2018-07-02', '15:38:27', '2018-07-02', '15:29:09'),
('5b40169de7', 'zack', 'zack', '58b5d779a43815b557b6fb7e0b2eb031f430fd72', '0000-00-00', '(09) 06-117-906', 1, 'wu', '', '', '2018-07-12', '22:34:23', '2018-07-07', '09:25:49');

/*!40101 SET CHARACTER_SET_CLIENT=@OLD_CHARACTER_SET_CLIENT */;
/*!40101 SET CHARACTER_SET_RESULTS=@OLD_CHARACTER_SET_RESULTS */;
/*!40101 SET COLLATION_CONNECTION=@OLD_COLLATION_CONNECTION */;
